LOG_ID;ENGINE_SN;FLIGHT_DATE;FLIGHT_HOURS;CYCLES;EGT_MARGIN_READING;OIL_DEBRIS_PPM
0000000001;TF6000-001;20250527;0.9;1;84.4;1.59
0000000002;TF6000-001;20250531;0.8;1;81.4;1.33
0000000003;TF6000-001;20250605;0.6;1;82.9;1.17
0000000004;TF6000-001;20250607;0.7;1;82.1;1.68
0000000005;TF6000-001;20250610;0.9;1;82.4;1.19
0000000006;TF6000-001;20250615;0.7;1;81.3;1.74
0000000007;TF6000-001;20250620;0.6;1;81.9;1.47
0000000008;TF6000-001;20250625;0.8;1;84.1;1.53
0000000009;TF6000-001;20250627;0.7;2;81.3;1.86
0000000010;TF6000-001;20250629;0.6;1;83.7;1.69
0000000011;TF6000-001;20250703;0.9;1;81.7;1.95
0000000012;TF6000-001;20250707;0.7;1;80.8;1.46
0000000013;TF6000-001;20250709;0.7;2;82.1;1.30
0000000014;TF6000-001;20250710;0.9;1;82.9;1.26
0000000015;TF6000-001;20250716;0.6;1;83.2;1.86
0000000016;TF6000-001;20250722;0.7;1;81.0;1.68
0000000017;TF6000-001;20250727;0.9;1;84.2;1.21
0000000018;TF6000-001;20250728;0.8;1;82.5;2.11
0000000019;TF6000-001;20250801;0.6;1;80.3;1.95
0000000020;TF6000-001;20250806;0.7;2;82.7;1.95
0000000021;TF6000-001;20250809;0.5;1;81.8;1.59
0000000022;TF6000-001;20250812;0.9;1;82.3;1.33
0000000023;TF6000-001;20250815;0.8;1;81.8;1.78
0000000024;TF6000-001;20250819;0.8;1;81.1;1.59
0000000025;TF6000-001;20250822;0.6;1;82.2;13.01
0000000026;TF6000-001;20250823;0.7;1;80.3;1.79
0000000027;TF6000-001;20250825;0.7;1;82.3;1.34
0000000028;TF6000-001;20250830;1.0;2;81.8;1.56
0000000029;TF6000-001;20250901;0.7;1;83.2;1.31
0000000030;TF6000-001;20250903;0.7;1;80.1;1.30
0000000031;TF6000-001;20250906;0.6;1;78.0;1.91
0000000032;TF6000-001;20250908;0.6;1;80.4;1.84
0000000033;TF6000-001;20250909;0.7;1;79.3;1.96
0000000034;TF6000-001;20250912;0.7;1;80.3;1.67
0000000035;TF6000-001;20250917;0.9;1;79.6;2.00
0000000036;TF6000-001;20250918;0.6;1;78.0;1.31
0000000037;TF6000-001;20250920;0.9;1;79.1;2.15
0000000038;TF6000-001;20250923;1.0;2;80.5;1.25
0000000039;TF6000-001;20250928;0.8;1;81.3;2.12
0000000040;TF6000-001;20250929;0.5;1;81.6;2.44
0000000041;TF6000-001;20251001;0.5;1;81.4;1.56
0000000042;TF6000-001;20251003;0.7;1;78.1;1.40
0000000043;TF6000-001;20251006;0.7;1;79.9;1.72
0000000044;TF6000-001;20251009;0.7;1;82.0;1.56
0000000045;TF6000-001;20251011;0.9;1;79.8;2.30
0000000046;TF6000-001;20251015;0.5;1;81.2;2.03
0000000047;TF6000-001;20251019;0.5;1;81.1;1.97
0000000048;TF6000-001;20251021;0.8;1;81.7;2.45
0000000049;TF6000-001;20251025;0.9;1;82.5;2.07
0000000050;TF6000-001;20251028;1.0;1;81.4;1.86
0000000051;TF6000-001;20251103;0.6;1;77.4;1.80
0000000052;TF6000-001;20251105;0.6;2;79.7;1.87
0000000053;TF6000-001;20251107;0.8;1;79.9;1.63
0000000054;TF6000-001;20251108;0.5;1;81.2;1.52
0000000055;TF6000-001;20251112;0.5;1;80.1;2.44
0000000056;TF6000-001;20251118;1.0;1;81.1;1.78
0000000057;TF6000-001;20251122;1.0;1;80.1;1.85
0000000058;TF6000-001;20251127;0.6;1;81.1;2.52
0000000059;TF6000-001;20251203;0.5;1;77.6;1.48
0000000060;TF6000-001;20251207;0.6;1;79.8;1.77
0000000061;TF6000-001;20251211;0.5;1;77.5;2.48
0000000062;TF6000-001;20251215;0.7;1;78.4;2.07
0000000063;TF6000-001;20251216;0.6;1;77.9;2.44
0000000064;TF6000-001;20251218;0.9;1;79.4;2.22
0000000065;TF6000-001;20251224;1.0;1;79.7;2.69
0000000066;TF6000-001;20251229;0.7;1;77.9;1.84
0000000067;TF6000-001;20260104;0.6;1;78.9;2.29
0000000068;TF6000-001;20260109;0.7;1;77.1;2.08
0000000069;TF6000-001;20260112;0.8;1;79.5;2.42
0000000070;TF6000-001;20260118;1.0;1;75.6;2.21
0000000071;TF6000-001;20260120;0.5;2;80.3;2.16
0000000072;TF6000-001;20260122;0.5;1;77.5;2.44
0000000073;TF6000-001;20260127;0.8;1;77.8;2.57
0000000074;TF6000-001;20260129;0.9;1;81.7;2.14
0000000075;TF6000-001;20260204;0.6;2;78.1;2.55
0000000076;TF6000-001;20260208;0.9;1;76.3;2.71
0000000077;TF6000-001;20260214;1.0;1;74.3;2.59
0000000078;TF6000-001;20260219;0.6;1;80.4;2.16
0000000079;TF6000-001;20260224;0.8;2;78.7;2.49
0000000080;TF6000-001;20260302;0.8;1;78.5;2.32
0000000081;TF6000-001;20260303;0.8;1;78.7;1.89
0000000082;TF6000-001;20260307;0.6;1;79.1;2.78
0000000083;TF6000-001;20260312;0.9;1;77.8;2.26
0000000084;TF6000-001;20260316;0.6;1;79.4;2.52
0000000085;TF6000-001;20260317;0.5;1;75.1;1.95
0000000086;TF6000-001;20260320;0.7;1;76.4;2.21
0000000087;TF6000-001;20260322;1.0;1;78.5;2.01
0000000088;TF6000-001;20260327;0.5;1;75.6;2.54
0000000089;TF6000-001;20260329;0.6;1;77.8;2.50
0000000090;TF6000-001;20260402;0.9;1;76.9;2.19
0000000091;TF6000-001;20260407;0.5;1;74.6;1.96
0000000092;TF6000-001;20260411;0.7;1;75.8;3.04
0000000093;TF6000-001;20260417;0.9;1;79.3;2.46
0000000094;TF6000-001;20260419;1.0;1;80.0;2.63
0000000095;TF6000-001;20260424;0.7;1;78.8;1.72
0000000096;TF6000-001;20260425;0.5;1;76.4;2.02
0000000097;TF6000-001;20260427;0.8;1;77.4;2.49
0000000098;TF6000-001;20260503;0.5;1;78.7;2.62
0000000099;TF6000-001;20260504;0.5;1;77.7;2.11
0000000100;TF6000-001;20260508;0.8;1;75.7;2.47
0000000101;TF6000-001;20260509;0.8;1;74.6;2.54
0000000102;TF6000-001;20260511;0.7;1;77.3;2.52
0000000103;TF6000-001;20260513;0.8;1;75.8;2.88
0000000104;TF6000-001;20260517;0.6;1;78.5;1.79
0000000105;TF6000-001;20260523;0.7;1;79.2;2.34
0000000106;TF6000-001;20260529;0.9;1;75.7;1.83
0000000107;TF6000-001;20260601;0.8;1;76.5;3.11
0000000108;TF6000-001;20260604;0.7;1;76.2;2.00
0000000109;TF6000-001;20260608;0.8;1;78.9;3.09
0000000110;TF6000-001;20260614;0.7;1;75.8;3.34
0000000111;TF6000-001;20260619;0.8;1;77.1;3.13
0000000112;TF6000-001;20260624;0.7;1;76.6;2.76
0000000113;TF6000-001;20260626;0.7;1;77.8;3.08
0000000114;TF6000-001;20260629;0.9;1;76.3;2.07
0000000115;TF6000-001;20260704;0.5;1;75.1;2.91
0000000116;TF6000-001;20260708;0.9;1;78.2;2.63
0000000117;TF6000-001;20260714;0.5;1;77.7;3.15
0000000118;TF6000-001;20260720;0.6;2;78.8;1.97
0000000119;TF6000-001;20260722;0.5;1;78.4;2.39
0000000120;TF6000-001;20260725;0.5;1;75.5;2.82
0000000121;TF6000-001;20260729;1.0;1;74.9;2.86
0000000122;TF6000-001;20260802;1.0;1;76.8;2.66
0000000123;TF6000-002;20251014;1.1;1;85.3;1.34
0000000124;TF6000-002;20251020;0.9;1;87.1;1.90
0000000125;TF6000-002;20251022;0.8;1;86.3;1.35
0000000126;TF6000-002;20251024;0.9;2;86.4;1.66
0000000127;TF6000-002;20251025;0.8;1;82.7;1.50
0000000128;TF6000-002;20251026;1.0;1;83.5;2.00
0000000129;TF6000-002;20251030;1.0;2;83.4;1.10
0000000130;TF6000-002;20251104;1.3;2;83.3;1.41
0000000131;TF6000-002;20251105;1.5;1;82.5;1.10
0000000132;TF6000-002;20251108;1.3;1;82.7;2.04
0000000133;TF6000-002;20251113;1.5;1;85.6;1.10
0000000134;TF6000-002;20251117;1.4;1;83.4;2.02
0000000135;TF6000-002;20251120;0.9;1;85.7;1.69
0000000136;TF6000-002;20251123;1.6;1;82.3;1.31
0000000137;TF6000-002;20251125;1.2;2;83.5;1.63
0000000138;TF6000-002;20251127;1.2;1;81.1;1.17
0000000139;TF6000-002;20251128;0.8;1;82.7;1.45
0000000140;TF6000-002;20251201;0.9;1;83.1;1.58
0000000141;TF6000-002;20251202;1.5;2;83.5;1.93
0000000142;TF6000-002;20251204;1.4;1;82.9;2.02
0000000143;TF6000-002;20251206;0.7;1;83.6;1.87
0000000144;TF6000-002;20251211;0.9;2;82.6;1.80
0000000145;TF6000-002;20251214;1.0;2;81.6;1.40
0000000146;TF6000-002;20251216;1.1;1;81.5;1.81
0000000147;TF6000-002;20251220;1.5;1;82.5;1.28
0000000148;TF6000-002;20251226;1.0;1;81.0;1.67
0000000149;TF6000-002;20260101;1.0;1;84.3;1.56
0000000150;TF6000-002;20260105;0.9;1;82.8;1.33
0000000151;TF6000-002;20260107;1.5;1;80.0;1.70
0000000152;TF6000-002;20260108;1.4;1;82.2;1.96
0000000153;TF6000-002;20260114;1.4;1;84.4;2.11
0000000154;TF6000-002;20260119;1.0;1;82.8;2.20
0000000155;TF6000-002;20260121;1.1;1;80.4;2.29
0000000156;TF6000-002;20260124;1.6;1;84.4;1.89
0000000157;TF6000-002;20260128;1.3;1;82.9;1.40
0000000158;TF6000-002;20260201;1.6;1;81.6;1.51
0000000159;TF6000-002;20260204;0.9;2;83.1;2.33
0000000160;TF6000-002;20260207;1.6;1;81.2;1.75
0000000161;TF6000-002;20260213;1.4;1;81.4;1.36
0000000162;TF6000-002;20260217;0.8;1;82.7;2.14
0000000163;TF6000-002;20260221;1.1;2;84.0;1.68
0000000164;TF6000-002;20260225;1.6;1;80.7;1.77
0000000165;TF6000-002;20260302;1.2;1;80.1;2.24
0000000166;TF6000-002;20260308;1.4;1;83.6;1.81
0000000167;TF6000-002;20260312;1.7;2;81.3;1.52
0000000168;TF6000-002;20260317;1.2;1;80.2;2.33
0000000169;TF6000-002;20260323;1.6;1;80.1;2.15
0000000170;TF6000-002;20260327;1.4;1;81.4;2.27
0000000171;TF6000-002;20260402;1.4;1;81.5;2.44
0000000172;TF6000-002;20260405;1.4;1;80.2;2.15
0000000173;TF6000-002;20260409;0.9;1;82.9;1.59
0000000174;TF6000-002;20260410;1.7;1;81.2;2.26
0000000175;TF6000-002;20260415;1.3;1;79.5;2.45
0000000176;TF6000-002;20260417;1.0;1;80.2;1.93
0000000177;TF6000-002;20260422;1.4;1;79.1;2.33
0000000178;TF6000-002;20260427;0.8;1;78.1;2.31
0000000179;TF6000-002;20260502;1.2;1;76.7;1.58
0000000180;TF6000-002;20260506;1.6;1;78.5;2.60
0000000181;TF6000-002;20260509;1.5;1;77.6;2.01
0000000182;TF6000-002;20260515;1.5;1;77.5;2.04
0000000183;TF6000-002;20260521;0.8;2;80.0;1.92
0000000184;TF6000-002;20260524;1.7;1;77.1;2.10
0000000185;TF6000-002;20260530;1.1;2;82.1;1.63
0000000186;TF6000-002;20260601;0.9;1;79.3;2.36
0000000187;TF6000-002;20260606;1.4;1;80.0;2.05
0000000188;TF6000-002;20260609;1.2;1;82.6;2.32
0000000189;TF6000-002;20260614;1.5;2;75.1;2.30
0000000190;TF6000-002;20260617;1.5;1;79.2;2.30
0000000191;TF6000-002;20260618;1.4;1;80.1;2.19
0000000192;TF6000-002;20260623;0.8;1;78.3;2.35
0000000193;TF6000-002;20260624;0.8;2;80.1;2.73
0000000194;TF6000-002;20260630;1.0;1;79.4;2.29
0000000195;TF6000-002;20260706;0.9;1;79.2;2.49
0000000196;TF6000-002;20260708;0.9;2;79.7;2.21
0000000197;TF6000-002;20260710;1.2;1;77.2;2.03
0000000198;TF6000-002;20260711;0.8;2;80.6;2.46
0000000199;TF6000-002;20260712;1.0;1;76.6;2.05
0000000200;TF6000-002;20260713;0.8;1;75.6;2.54
0000000201;TF6000-002;20260719;1.4;1;74.8;1.84
0000000202;TF6000-002;20260721;1.0;1;81.5;2.05
0000000203;TF6000-002;20260726;1.0;2;74.0;2.61
0000000204;TF6000-002;20260727;1.4;1;79.9;2.11
0000000205;TF6000-002;20260728;1.6;1;80.9;2.14
0000000206;TF6000-002;20260802;1.1;1;77.1;2.32
0000000207;TF6000-003;20250911;1.2;1;80.0;1.77
0000000208;TF6000-003;20250917;2.3;1;75.9;1.88
0000000209;TF6000-003;20250919;1.8;1;80.4;1.40
0000000210;TF6000-003;20250921;1.3;1;76.0;1.32
0000000211;TF6000-003;20250927;1.5;1;79.7;1.05
0000000212;TF6000-003;20250929;1.4;1;77.0;1.10
0000000213;TF6000-003;20251005;1.9;1;79.1;1.37
0000000214;TF6000-003;20251008;2.0;1;78.0;1.31
0000000215;TF6000-003;20251012;2.1;1;77.7;1.69
0000000216;TF6000-003;20251016;1.7;2;76.9;1.95
0000000217;TF6000-003;20251018;1.2;1;78.3;1.80
0000000218;TF6000-003;20251024;1.2;1;77.1;1.99
0000000219;TF6000-003;20251026;2.2;2;77.4;1.33
0000000220;TF6000-003;20251029;1.7;1;78.1;2.04
0000000221;TF6000-003;20251104;1.9;2;79.6;1.38
0000000222;TF6000-003;20251108;2.2;1;75.1;1.60
0000000223;TF6000-003;20251110;2.1;1;78.2;1.83
0000000224;TF6000-003;20251116;1.8;1;75.2;2.20
0000000225;TF6000-003;20251120;2.4;1;76.1;1.96
0000000226;TF6000-003;20251125;1.6;1;77.9;14.03
0000000227;TF6000-003;20251126;2.3;1;76.7;1.51
0000000228;TF6000-003;20251127;2.0;2;76.4;1.62
0000000229;TF6000-003;20251128;1.8;1;75.0;1.28
0000000230;TF6000-003;20251203;1.2;1;75.8;2.09
0000000231;TF6000-003;20251209;1.4;1;76.1;1.50
0000000232;TF6000-003;20251215;1.3;1;74.8;1.48
0000000233;TF6000-003;20251220;1.6;1;74.9;1.61
0000000234;TF6000-003;20251221;2.3;1;77.2;1.96
0000000235;TF6000-003;20251225;2.1;1;74.4;1.42
0000000236;TF6000-003;20251228;2.0;1;77.2;1.74
0000000237;TF6000-003;20251229;2.3;1;75.2;1.96
0000000238;TF6000-003;20260102;1.5;1;74.4;2.36
0000000239;TF6000-003;20260105;2.0;1;78.2;2.28
0000000240;TF6000-003;20260108;1.1;1;77.2;2.32
0000000241;TF6000-003;20260109;2.4;1;76.7;1.54
0000000242;TF6000-003;20260113;2.1;2;74.6;1.57
0000000243;TF6000-003;20260119;2.2;2;73.5;1.91
0000000244;TF6000-003;20260125;1.7;1;76.1;2.17
0000000245;TF6000-003;20260129;1.3;1;75.2;1.72
0000000246;TF6000-003;20260204;2.4;1;77.1;1.60
0000000247;TF6000-003;20260206;1.4;2;74.9;2.41
0000000248;TF6000-003;20260212;2.4;1;73.5;1.86
0000000249;TF6000-003;20260217;2.2;1;71.5;1.92
0000000250;TF6000-003;20260223;1.4;1;73.2;1.93
0000000251;TF6000-003;20260228;2.4;1;74.9;2.16
0000000252;TF6000-003;20260303;1.7;1;73.0;1.86
0000000253;TF6000-003;20260308;2.4;1;75.4;2.06
0000000254;TF6000-003;20260314;2.1;1;75.3;1.88
0000000255;TF6000-003;20260315;1.2;1;74.6;1.52
0000000256;TF6000-003;20260317;2.4;1;77.4;1.68
0000000257;TF6000-003;20260318;2.3;1;71.9;1.63
0000000258;TF6000-003;20260320;1.2;1;76.6;1.96
0000000259;TF6000-003;20260322;2.3;1;75.7;2.35
0000000260;TF6000-003;20260327;1.6;1;75.9;1.63
0000000261;TF6000-003;20260328;1.2;2;74.6;1.96
0000000262;TF6000-003;20260331;1.9;1;74.2;2.45
0000000263;TF6000-003;20260405;1.4;1;72.6;1.90
0000000264;TF6000-003;20260407;1.9;1;73.0;1.59
0000000265;TF6000-003;20260413;2.2;1;73.9;2.21
0000000266;TF6000-003;20260414;2.0;1;73.4;1.81
0000000267;TF6000-003;20260415;1.7;1;74.9;1.90
0000000268;TF6000-003;20260418;1.8;2;75.3;1.75
0000000269;TF6000-003;20260421;1.3;1;74.8;2.31
0000000270;TF6000-003;20260422;1.8;1;72.1;2.15
0000000271;TF6000-003;20260428;2.4;1;75.6;1.90
0000000272;TF6000-003;20260430;1.3;1;76.2;2.46
0000000273;TF6000-003;20260501;1.4;1;74.9;1.89
0000000274;TF6000-003;20260503;1.7;1;75.1;1.80
0000000275;TF6000-003;20260509;1.7;1;73.8;2.69
0000000276;TF6000-003;20260515;2.4;1;74.7;2.32
0000000277;TF6000-003;20260519;2.4;2;75.4;2.62
0000000278;TF6000-003;20260523;2.2;1;73.2;2.29
0000000279;TF6000-003;20260524;2.3;1;73.3;2.16
0000000280;TF6000-003;20260526;1.4;1;73.5;2.49
0000000281;TF6000-003;20260601;1.5;1;75.2;2.42
0000000282;TF6000-003;20260602;1.3;1;73.7;2.84
0000000283;TF6000-003;20260606;2.2;2;74.0;1.97
0000000284;TF6000-003;20260608;1.9;2;71.9;2.76
0000000285;TF6000-003;20260610;2.1;1;71.2;2.05
0000000286;TF6000-003;20260612;1.8;2;74.4;2.24
0000000287;TF6000-003;20260615;2.4;1;75.1;2.36
0000000288;TF6000-003;20260618;1.7;1;69.0;2.37
0000000289;TF6000-003;20260624;2.4;1;72.0;2.79
0000000290;TF6000-003;20260630;2.4;2;72.6;3.09
0000000291;TF6000-003;20260705;1.8;1;70.4;2.03
0000000292;TF6000-003;20260708;1.9;2;67.7;2.29
0000000293;TF6000-003;20260711;2.4;1;74.5;1.87
0000000294;TF6000-003;20260714;2.4;1;74.8;2.35
0000000295;TF6000-003;20260715;2.2;1;69.3;2.25
0000000296;TF6000-003;20260718;2.4;1;70.3;2.44
0000000297;TF6000-003;20260719;1.3;1;72.5;2.30
0000000298;TF6000-003;20260720;1.8;1;70.7;2.63
0000000299;TF6000-003;20260722;1.3;1;71.1;2.43
0000000300;TF6000-003;20260727;1.4;1;73.1;2.69
0000000301;TF6000-003;20260802;1.5;1;72.8;2.03
0000000302;PD170-001;20240804;6.6;1;;4.60
0000000303;PD170-001;20240806;5.9;1;;4.32
0000000304;PD170-001;20240808;6.8;1;;4.32
0000000305;PD170-001;20240810;6.2;1;;4.29
0000000306;PD170-001;20240811;7.3;1;;3.63
0000000307;PD170-001;20240813;3.7;1;;5.26
0000000308;PD170-001;20240815;6.5;1;;5.35
0000000309;PD170-001;20240817;5.3;1;;4.66
0000000310;PD170-001;20240818;7.6;1;;5.28
0000000311;PD170-001;20240819;6.8;1;;4.76
0000000312;PD170-001;20240820;7.0;1;;4.14
0000000313;PD170-001;20240822;3.6;1;;4.57
0000000314;PD170-001;20240823;3.6;1;;4.95
0000000315;PD170-001;20240824;6.5;1;;4.16
0000000316;PD170-001;20240826;4.1;2;;5.28
0000000317;PD170-001;20240827;6.2;2;;3.08
0000000318;PD170-001;20240828;4.1;1;;3.98
0000000319;PD170-001;20240829;3.7;2;;4.86
0000000320;PD170-001;20240830;6.4;1;;5.41
0000000321;PD170-001;20240831;4.2;1;;4.27
0000000322;PD170-001;20240902;6.3;1;;5.07
0000000323;PD170-001;20240903;6.0;1;;5.41
0000000324;PD170-001;20240905;6.4;1;;5.76
0000000325;PD170-001;20240907;5.9;1;;5.72
0000000326;PD170-001;20240908;6.2;1;;6.47
0000000327;PD170-001;20240909;6.5;1;;3.59
0000000328;PD170-001;20240911;3.7;1;;6.39
0000000329;PD170-001;20240913;7.5;1;;4.15
0000000330;PD170-001;20240914;4.9;1;;4.33
0000000331;PD170-001;20240915;6.7;1;;4.92
0000000332;PD170-001;20240917;5.6;1;;5.12
0000000333;PD170-001;20240919;5.5;2;;3.44
0000000334;PD170-001;20240920;6.0;1;;4.26
0000000335;PD170-001;20240922;5.6;1;;3.67
0000000336;PD170-001;20240924;6.2;2;;3.64
0000000337;PD170-001;20240925;3.5;1;;4.83
0000000338;PD170-001;20240927;3.4;1;;5.90
0000000339;PD170-001;20240928;4.9;2;;6.25
0000000340;PD170-001;20240930;7.5;1;;3.93
0000000341;PD170-001;20241002;7.4;1;;5.17
0000000342;PD170-001;20241003;6.5;1;;4.91
0000000343;PD170-001;20241005;4.1;1;;4.33
0000000344;PD170-001;20241006;6.5;1;;5.58
0000000345;PD170-001;20241007;3.6;1;;6.64
0000000346;PD170-001;20241009;6.9;1;;3.65
0000000347;PD170-001;20241010;4.5;1;;4.32
0000000348;PD170-001;20241012;6.9;1;;4.69
0000000349;PD170-001;20241014;7.4;1;;3.37
0000000350;PD170-001;20241016;4.5;1;;6.37
0000000351;PD170-001;20241017;6.6;1;;5.34
0000000352;PD170-001;20241018;7.2;1;;6.30
0000000353;PD170-001;20241019;6.8;1;;5.27
0000000354;PD170-001;20241021;4.9;1;;4.32
0000000355;PD170-001;20241022;3.9;1;;4.34
0000000356;PD170-001;20241023;5.5;1;;4.09
0000000357;PD170-001;20241024;6.4;1;;4.13
0000000358;PD170-001;20241026;3.4;1;;5.29
0000000359;PD170-001;20241027;3.4;2;;5.53
0000000360;PD170-001;20241028;4.8;1;;4.90
0000000361;PD170-001;20241030;3.4;1;;5.63
0000000362;PD170-001;20241101;6.0;1;;4.07
0000000363;PD170-001;20241102;7.0;1;;5.78
0000000364;PD170-001;20241103;5.1;1;;4.92
0000000365;PD170-001;20241105;7.0;1;;5.78
0000000366;PD170-001;20241106;4.9;1;;4.89
0000000367;PD170-001;20241107;5.5;1;;6.23
0000000368;PD170-001;20241108;5.7;1;;3.94
0000000369;PD170-001;20241110;7.4;1;;4.07
0000000370;PD170-001;20241111;7.7;1;;5.41
0000000371;PD170-001;20241112;7.0;1;;4.88
0000000372;PD170-001;20241114;6.7;1;;4.32
0000000373;PD170-001;20241115;7.0;1;;5.88
0000000374;PD170-001;20241116;4.8;1;;6.06
0000000375;PD170-001;20241117;7.4;1;;4.30
0000000376;PD170-001;20241119;6.9;1;;4.88
0000000377;PD170-001;20241120;7.6;1;;6.08
0000000378;PD170-001;20241121;6.4;1;;4.09
0000000379;PD170-001;20241123;6.8;1;;4.14
0000000380;PD170-001;20241125;4.3;2;;4.53
0000000381;PD170-001;20241126;6.3;1;;4.53
0000000382;PD170-001;20241128;3.6;1;;3.97
0000000383;PD170-001;20241129;4.1;1;;6.31
0000000384;PD170-001;20241201;6.3;1;;5.87
0000000385;PD170-001;20241203;3.7;1;;5.06
0000000386;PD170-001;20241205;7.5;2;;4.01
0000000387;PD170-001;20241207;5.8;1;;4.64
0000000388;PD170-001;20241209;6.5;1;;6.19
0000000389;PD170-001;20241210;6.8;1;;6.24
0000000390;PD170-001;20241212;3.4;1;;4.02
0000000391;PD170-001;20241213;3.8;1;;4.95
0000000392;PD170-001;20241214;5.9;2;;6.02
0000000393;PD170-001;20241216;3.6;1;;4.73
0000000394;PD170-001;20241217;5.0;1;;5.86
0000000395;PD170-001;20241218;6.4;1;;5.54
0000000396;PD170-001;20241220;6.4;1;;5.51
0000000397;PD170-001;20241222;7.2;1;;4.15
0000000398;PD170-001;20241224;6.2;1;;4.88
0000000399;PD170-001;20241225;4.5;1;;4.60
0000000400;PD170-001;20241226;5.8;1;;4.65
0000000401;PD170-001;20241228;4.4;1;;4.47
0000000402;PD170-001;20241230;4.4;1;;4.33
0000000403;PD170-001;20241231;7.0;2;;4.43
0000000404;PD170-001;20250102;4.1;1;;6.15
0000000405;PD170-001;20250104;7.5;1;;5.74
0000000406;PD170-001;20250106;5.8;1;;6.18
0000000407;PD170-001;20250108;6.8;1;;5.30
0000000408;PD170-001;20250109;4.8;2;;5.73
0000000409;PD170-001;20250111;6.1;2;;3.98
0000000410;PD170-001;20250112;5.2;1;;5.77
0000000411;PD170-001;20250114;5.8;1;;5.59
0000000412;PD170-001;20250115;7.5;1;;4.12
0000000413;PD170-001;20250116;7.3;1;;6.14
0000000414;PD170-001;20250118;5.7;1;;5.97
0000000415;PD170-001;20250120;4.3;1;;5.15
0000000416;PD170-001;20250121;5.3;1;;5.57
0000000417;PD170-001;20250123;3.5;1;;5.41
0000000418;PD170-001;20250125;5.0;1;;5.41
0000000419;PD170-001;20250127;7.1;1;;4.75
0000000420;PD170-001;20250129;7.4;1;;3.84
0000000421;PD170-001;20250131;3.8;1;;3.39
0000000422;PD170-001;20250201;5.0;1;;4.96
0000000423;PD170-001;20250202;7.6;2;;5.44
0000000424;PD170-001;20250203;5.5;1;;6.33
0000000425;PD170-001;20250204;6.7;1;;5.63
0000000426;PD170-001;20250205;3.8;1;;4.57
0000000427;PD170-001;20250207;4.6;1;;4.35
0000000428;PD170-001;20250208;3.9;1;;4.69
0000000429;PD170-001;20250210;7.4;1;;6.51
0000000430;PD170-001;20250212;7.6;1;;4.57
0000000431;PD170-001;20250214;5.6;1;;5.51
0000000432;PD170-001;20250215;5.3;1;;6.56
0000000433;PD170-001;20250217;3.7;1;;4.63
0000000434;PD170-001;20250219;3.8;1;;5.42
0000000435;PD170-001;20250220;7.5;1;;3.64
0000000436;PD170-001;20250221;5.0;1;;5.07
0000000437;PD170-001;20250222;6.2;1;;5.11
0000000438;PD170-001;20250224;4.7;1;;5.96
0000000439;PD170-001;20250226;4.3;2;;4.11
0000000440;PD170-001;20250227;7.5;1;;5.17
0000000441;PD170-001;20250228;3.5;2;;4.85
0000000442;PD170-001;20250302;3.6;1;;5.02
0000000443;PD170-001;20250304;4.5;1;;5.13
0000000444;PD170-001;20250306;7.2;1;;5.34
0000000445;PD170-001;20250308;6.2;1;;5.11
0000000446;PD170-001;20250310;5.5;1;;5.01
0000000447;PD170-001;20250311;6.5;1;;4.14
0000000448;PD170-001;20250312;4.6;1;;3.61
0000000449;PD170-001;20250314;7.5;1;;7.13
0000000450;PD170-001;20250316;5.4;1;;5.61
0000000451;PD170-001;20250318;4.9;1;;5.70
0000000452;PD170-001;20250319;6.5;1;;3.84
0000000453;PD170-001;20250321;5.1;1;;5.77
0000000454;PD170-001;20250323;5.4;1;;4.83
0000000455;PD170-001;20250325;7.2;1;;4.48
0000000456;PD170-001;20250327;6.1;1;;3.99
0000000457;PD170-001;20250328;5.5;1;;5.32
0000000458;PD170-001;20250329;5.3;1;;5.53
0000000459;PD170-001;20250331;4.5;1;;6.25
0000000460;PD170-001;20250402;4.7;1;;5.00
0000000461;PD170-001;20250404;7.3;1;;4.90
0000000462;PD170-001;20250406;7.3;1;;6.61
0000000463;PD170-001;20250408;4.1;2;;6.71
0000000464;PD170-001;20250410;5.7;1;;7.08
0000000465;PD170-001;20250412;4.9;1;;4.96
0000000466;PD170-001;20250413;6.7;1;;5.38
0000000467;PD170-001;20250414;7.3;1;;5.27
0000000468;PD170-001;20250416;6.1;1;;3.92
0000000469;PD170-001;20250418;3.8;1;;3.80
0000000470;PD170-001;20250420;6.9;1;;5.37
0000000471;PD170-001;20250421;6.4;2;;6.97
0000000472;PD170-001;20250422;7.5;1;;3.69
0000000473;PD170-001;20250424;4.2;1;;5.34
0000000474;PD170-001;20250425;4.9;1;;4.53
0000000475;PD170-001;20250427;6.7;1;;5.29
0000000476;PD170-001;20250428;6.1;1;;4.25
0000000477;PD170-001;20250429;6.7;1;;6.41
0000000478;PD170-001;20250430;5.7;1;;6.43
0000000479;PD170-001;20250502;7.2;1;;4.96
0000000480;PD170-001;20250503;5.7;1;;5.94
0000000481;PD170-001;20250505;6.5;1;;6.78
0000000482;PD170-001;20250507;5.4;2;;4.01
0000000483;PD170-001;20250508;7.5;1;;6.21
0000000484;PD170-001;20250510;7.1;1;;5.20
0000000485;PD170-001;20250512;3.5;1;;4.64
0000000486;PD170-001;20250513;7.1;1;;6.90
0000000487;PD170-001;20250515;3.8;1;;6.07
0000000488;PD170-001;20250517;4.9;1;;6.12
0000000489;PD170-001;20250518;7.1;1;;5.28
0000000490;PD170-001;20250520;3.8;1;;4.63
0000000491;PD170-001;20250522;3.9;1;;4.10
0000000492;PD170-001;20250523;4.4;1;;3.73
0000000493;PD170-001;20250525;4.6;1;;6.62
0000000494;PD170-001;20250526;3.4;1;;5.50
0000000495;PD170-001;20250528;7.0;2;;3.91
0000000496;PD170-001;20250529;5.3;1;;5.21
0000000497;PD170-001;20250530;6.6;2;;4.45
0000000498;PD170-001;20250531;3.8;1;;7.03
0000000499;PD170-001;20250602;7.1;1;;6.16
0000000500;PD170-001;20250603;5.3;1;;5.46
0000000501;PD170-001;20250605;4.9;1;;5.47
0000000502;PD170-001;20250606;7.3;1;;5.45
0000000503;PD170-001;20250607;7.1;2;;6.55
0000000504;PD170-001;20250608;4.7;1;;7.16
0000000505;PD170-001;20250609;3.6;1;;6.73
0000000506;PD170-001;20250611;7.6;1;;4.34
0000000507;PD170-001;20250612;6.9;1;;4.79
0000000508;PD170-001;20250613;4.0;1;;4.52
0000000509;PD170-001;20250614;6.7;1;;5.18
0000000510;PD170-001;20250616;3.4;1;;4.64
0000000511;PD170-001;20250618;6.3;1;;4.96
0000000512;PD170-001;20250619;5.7;1;;7.11
0000000513;PD170-001;20250620;7.1;1;;5.11
0000000514;PD170-001;20250621;4.8;2;;5.29
0000000515;PD170-001;20250622;4.4;1;;5.84
0000000516;PD170-001;20250624;5.5;1;;6.25
0000000517;PD170-001;20250625;5.7;1;;7.29
0000000518;PD170-001;20250626;6.9;1;;5.38
0000000519;PD170-001;20250628;6.4;1;;4.08
0000000520;PD170-001;20250629;6.9;1;;6.23
0000000521;PD170-001;20250630;4.1;1;;4.52
0000000522;PD170-001;20250701;5.2;1;;5.79
0000000523;PD170-001;20250702;3.7;1;;4.42
0000000524;PD170-001;20250703;3.6;1;;6.72
0000000525;PD170-001;20250705;3.4;1;;7.28
0000000526;PD170-001;20250707;7.3;1;;6.66
0000000527;PD170-001;20250709;3.5;1;;5.25
0000000528;PD170-001;20250711;5.0;1;;5.61
0000000529;PD170-001;20250712;4.2;2;;4.89
0000000530;PD170-001;20250713;5.5;1;;5.31
0000000531;PD170-001;20250714;7.2;1;;6.49
0000000532;PD170-001;20250716;6.3;1;;6.22
0000000533;PD170-001;20250718;5.2;1;;5.27
0000000534;PD170-001;20250720;4.4;1;;6.50
0000000535;PD170-001;20250722;4.7;1;;4.93
0000000536;PD170-001;20250724;7.0;1;;7.03
0000000537;PD170-001;20250725;4.3;1;;6.19
0000000538;PD170-001;20250726;6.6;1;;7.25
0000000539;PD170-001;20250728;3.5;2;;4.78
0000000540;PD170-001;20250729;5.9;1;;6.80
0000000541;PD170-001;20250731;5.7;2;;7.40
0000000542;PD170-001;20250802;4.8;1;;6.28
0000000543;PD170-001;20250804;6.8;2;;6.63
0000000544;PD170-001;20250805;7.1;1;;5.83
0000000545;PD170-001;20250807;4.0;1;;6.66
0000000546;PD170-001;20250808;4.1;2;;6.67
0000000547;PD170-001;20250810;7.2;1;;6.90
0000000548;PD170-001;20250812;4.9;1;;6.52
0000000549;PD170-001;20250813;4.1;1;;5.85
0000000550;PD170-001;20250814;4.7;1;;5.66
0000000551;PD170-001;20250816;6.2;1;;5.47
0000000552;PD170-001;20250818;3.5;1;;7.01
0000000553;PD170-001;20250819;3.9;1;;6.88
0000000554;PD170-001;20250820;4.0;1;;5.86
0000000555;PD170-001;20250822;6.7;1;;4.97
0000000556;PD170-001;20250823;3.9;1;;4.75
0000000557;PD170-001;20250825;5.2;1;;6.94
0000000558;PD170-001;20250827;5.1;2;;6.25
0000000559;PD170-001;20250828;4.9;2;;4.74
0000000560;PD170-001;20250830;3.7;1;;4.28
0000000561;PD170-001;20250831;7.3;1;;7.40
0000000562;PD170-001;20250902;5.3;1;;3.75
0000000563;PD170-001;20250904;5.9;1;;5.20
0000000564;PD170-001;20250905;6.1;1;;6.24
0000000565;PD170-001;20250906;5.7;1;;6.56
0000000566;PD170-001;20250908;5.0;2;;5.18
0000000567;PD170-001;20250910;7.3;1;;7.32
0000000568;PD170-001;20250911;6.9;1;;4.83
0000000569;PD170-001;20250912;3.5;1;;7.24
0000000570;PD170-001;20250913;4.1;1;;6.22
0000000571;PD170-001;20250915;3.4;2;;7.11
0000000572;PD170-001;20250916;4.6;1;;5.26
0000000573;PD170-001;20250917;7.0;1;;5.99
0000000574;PD170-001;20250919;4.7;1;;6.63
0000000575;PD170-001;20250921;5.2;1;;6.57
0000000576;PD170-001;20250922;7.2;2;;5.01
0000000577;PD170-001;20250924;4.2;2;;5.07
0000000578;PD170-001;20250925;6.2;1;;6.83
0000000579;PD170-001;20250926;4.6;1;;7.13
0000000580;PD170-001;20250928;4.6;1;;7.25
0000000581;PD170-001;20250930;5.4;2;;4.29
0000000582;PD170-001;20251001;4.7;1;;5.90
0000000583;PD170-001;20251003;7.2;1;;5.60
0000000584;PD170-001;20251005;6.4;1;;7.19
0000000585;PD170-001;20251006;4.3;2;;5.66
0000000586;PD170-001;20251007;3.7;1;;7.30
0000000587;PD170-001;20251008;6.9;1;;4.46
0000000588;PD170-001;20251010;4.9;1;;6.34
0000000589;PD170-001;20251011;4.1;1;;5.52
0000000590;PD170-001;20251012;3.7;1;;6.23
0000000591;PD170-001;20251013;4.3;1;;7.71
0000000592;PD170-001;20251014;4.1;1;;5.43
0000000593;PD170-001;20251016;6.8;1;;7.26
0000000594;PD170-001;20251017;4.9;1;;5.18
0000000595;PD170-001;20251018;6.1;1;;5.37
0000000596;PD170-001;20251019;6.6;1;;7.58
0000000597;PD170-001;20251020;3.4;1;;6.14
0000000598;PD170-001;20251021;6.4;2;;5.47
0000000599;PD170-001;20251023;3.8;1;;6.13
0000000600;PD170-001;20251024;4.9;1;;5.56
0000000601;PD170-001;20251026;6.8;1;;5.39
0000000602;PD170-001;20251028;6.4;1;;5.97
0000000603;PD170-001;20251029;5.6;1;;6.87
0000000604;PD170-001;20251031;7.3;1;;5.69
0000000605;PD170-001;20251101;4.8;1;;6.94
0000000606;PD170-001;20251102;3.4;1;;7.69
0000000607;PD170-001;20251103;6.4;1;;5.28
0000000608;PD170-001;20251104;6.8;1;;6.04
0000000609;PD170-001;20251105;4.6;1;;4.72
0000000610;PD170-001;20251107;6.5;2;;7.51
0000000611;PD170-001;20251109;5.2;1;;5.84
0000000612;PD170-001;20251110;4.3;1;;6.89
0000000613;PD170-001;20251112;4.0;1;;5.31
0000000614;PD170-001;20251114;4.1;1;;7.21
0000000615;PD170-001;20251116;4.1;2;;5.80
0000000616;PD170-001;20251117;6.4;1;;6.60
0000000617;PD170-001;20251118;6.4;1;;7.21
0000000618;PD170-001;20251119;6.9;1;;5.62
0000000619;PD170-001;20251120;6.3;1;;5.55
0000000620;PD170-001;20251121;5.1;2;;6.94
0000000621;PD170-001;20251122;7.5;1;;5.66
0000000622;PD170-001;20251124;5.4;1;;7.58
0000000623;PD170-001;20251125;5.4;2;;5.51
0000000624;PD170-001;20251127;6.7;1;;4.94
0000000625;PD170-001;20251128;6.8;1;;7.25
0000000626;PD170-001;20251129;4.3;1;;7.27
0000000627;PD170-001;20251201;5.0;2;;4.73
0000000628;PD170-001;20251202;7.4;1;;6.60
0000000629;PD170-001;20251204;7.5;1;;8.04
0000000630;PD170-001;20251205;7.7;1;;4.59
0000000631;PD170-001;20251206;6.2;2;;7.28
0000000632;PD170-001;20251208;6.6;1;;5.04
0000000633;PD170-001;20251210;3.8;1;;4.08
0000000634;PD170-001;20251211;3.7;1;;7.35
0000000635;PD170-001;20251213;6.5;1;;6.23
0000000636;PD170-001;20251215;6.3;1;;7.49
0000000637;PD170-001;20251217;3.5;2;;6.29
0000000638;PD170-001;20251219;4.0;1;;7.67
0000000639;PD170-001;20251221;4.4;1;;7.42
0000000640;PD170-001;20251223;5.8;1;;6.06
0000000641;PD170-001;20251225;6.4;1;;6.04
0000000642;PD170-001;20251226;4.8;2;;7.72
0000000643;PD170-001;20251227;4.6;1;;5.63
0000000644;PD170-001;20251228;7.1;1;;5.71
0000000645;PD170-001;20251229;6.2;1;;4.89
0000000646;PD170-001;20251231;7.5;1;;7.37
0000000647;PD170-001;20260102;3.3;1;;4.66
0000000648;PD170-001;20260104;3.4;1;;5.69
0000000649;PD170-001;20260105;7.0;1;;7.75
0000000650;PD170-001;20260107;6.9;1;;7.63
0000000651;PD170-001;20260108;7.3;2;;6.45
0000000652;PD170-001;20260109;3.8;1;;4.91
0000000653;PD170-001;20260111;3.4;2;;7.32
0000000654;PD170-001;20260112;5.7;1;;5.89
0000000655;PD170-001;20260113;6.0;1;;8.07
0000000656;PD170-001;20260115;3.7;1;;5.26
0000000657;PD170-001;20260116;7.3;1;;6.49
0000000658;PD170-001;20260117;6.0;1;;5.64
0000000659;PD170-001;20260119;3.5;2;;6.92
0000000660;PD170-001;20260121;6.1;1;;7.63
0000000661;PD170-001;20260122;4.5;1;;5.04
0000000662;PD170-001;20260124;3.9;2;;5.82
0000000663;PD170-001;20260126;7.4;2;;5.67
0000000664;PD170-001;20260128;6.4;1;;5.42
0000000665;PD170-001;20260130;3.6;1;;7.73
0000000666;PD170-001;20260131;7.6;1;;7.05
0000000667;PD170-001;20260201;6.1;2;;6.73
0000000668;PD170-001;20260202;5.1;1;;4.38
0000000669;PD170-001;20260204;4.3;2;;7.70
0000000670;PD170-001;20260206;6.4;2;;5.42
0000000671;PD170-001;20260207;7.7;1;;6.03
0000000672;PD170-001;20260208;3.7;1;;6.88
0000000673;PD170-001;20260209;7.5;1;;4.69
0000000674;PD170-001;20260210;7.5;1;;4.53
0000000675;PD170-001;20260211;4.6;2;;4.30
0000000676;PD170-001;20260212;7.3;1;;7.73
0000000677;PD170-001;20260214;3.6;1;;4.90
0000000678;PD170-001;20260216;3.5;1;;6.09
0000000679;PD170-001;20260218;3.8;1;;5.94
0000000680;PD170-001;20260219;4.1;1;;4.59
0000000681;PD170-001;20260221;5.0;1;;6.85
0000000682;PD170-001;20260222;3.8;1;;4.75
0000000683;PD170-001;20260223;6.6;1;;6.58
0000000684;PD170-001;20260224;4.1;1;;7.37
0000000685;PD170-001;20260225;4.6;1;;6.90
0000000686;PD170-001;20260227;4.6;1;;5.14
0000000687;PD170-001;20260228;6.2;1;;8.19
0000000688;PD170-001;20260301;5.2;1;;6.33
0000000689;PD170-001;20260303;5.2;1;;7.09
0000000690;PD170-001;20260304;7.4;1;;7.49
0000000691;PD170-001;20260305;3.8;1;;5.70
0000000692;PD170-001;20260307;3.7;1;;5.56
0000000693;PD170-001;20260309;3.5;1;;7.43
0000000694;PD170-001;20260311;5.9;1;;5.26
0000000695;PD170-001;20260313;7.6;1;;8.59
0000000696;PD170-001;20260314;4.5;1;;5.58
0000000697;PD170-001;20260316;5.8;1;;7.15
0000000698;PD170-001;20260318;3.5;1;;7.94
0000000699;PD170-001;20260319;4.2;1;;7.73
0000000700;PD170-001;20260320;3.8;1;;6.01
0000000701;PD170-001;20260321;7.6;1;;5.80
0000000702;PD170-001;20260322;5.6;2;;8.33
0000000703;PD170-001;20260323;5.9;2;;6.75
0000000704;PD170-001;20260325;5.8;1;;8.33
0000000705;PD170-001;20260327;7.2;1;;7.93
0000000706;PD170-001;20260329;4.9;1;;6.78
0000000707;PD170-001;20260330;7.2;1;;5.29
0000000708;PD170-001;20260331;6.8;1;;7.25
0000000709;PD170-001;20260402;4.2;1;;7.03
0000000710;PD170-001;20260404;5.3;1;;5.83
0000000711;PD170-001;20260405;5.8;2;;6.81
0000000712;PD170-001;20260406;3.9;2;;7.11
0000000713;PD170-001;20260407;4.4;1;;4.74
0000000714;PD170-001;20260409;3.5;1;;7.60
0000000715;PD170-001;20260411;4.2;1;;5.40
0000000716;PD170-001;20260412;5.1;1;;7.99
0000000717;PD170-001;20260413;7.2;1;;6.36
0000000718;PD170-001;20260414;5.3;1;;4.42
0000000719;PD170-001;20260415;5.5;1;;5.51
0000000720;PD170-001;20260417;7.4;1;;5.20
0000000721;PD170-001;20260419;7.3;1;;4.60
0000000722;PD170-001;20260420;6.9;1;;6.50
0000000723;PD170-001;20260421;6.9;1;;6.55
0000000724;PD170-001;20260423;3.8;2;;7.28
0000000725;PD170-001;20260425;7.4;1;;4.90
0000000726;PD170-001;20260427;4.7;1;;6.50
0000000727;PD170-001;20260429;6.6;2;;5.23
0000000728;PD170-001;20260430;3.7;1;;6.37
0000000729;PD170-001;20260501;3.8;1;;5.92
0000000730;PD170-001;20260502;5.8;1;;6.77
0000000731;PD170-001;20260504;4.0;1;;7.62
0000000732;PD170-001;20260505;6.1;1;;8.32
0000000733;PD170-001;20260506;4.5;1;;8.14
0000000734;PD170-001;20260508;4.9;1;;8.47
0000000735;PD170-001;20260510;4.1;1;;5.25
0000000736;PD170-001;20260511;3.9;1;;5.86
0000000737;PD170-001;20260513;5.9;2;;6.39
0000000738;PD170-001;20260515;5.7;1;;6.83
0000000739;PD170-001;20260516;5.9;2;;5.19
0000000740;PD170-001;20260517;3.8;1;;6.10
0000000741;PD170-001;20260518;5.7;2;;6.11
0000000742;PD170-001;20260519;3.6;1;;6.78
0000000743;PD170-001;20260521;4.6;1;;8.13
0000000744;PD170-001;20260523;3.5;1;;5.62
0000000745;PD170-001;20260525;3.6;1;;6.21
0000000746;PD170-001;20260526;3.3;2;;5.17
0000000747;PD170-001;20260528;6.1;1;;8.11
0000000748;PD170-001;20260529;4.9;1;;5.43
0000000749;PD170-001;20260531;6.2;1;;5.93
0000000750;PD170-001;20260601;6.7;1;;7.23
0000000751;PD170-001;20260603;4.1;1;;7.37
0000000752;PD170-001;20260604;4.4;1;;5.88
0000000753;PD170-001;20260605;5.1;2;;7.81
0000000754;PD170-001;20260607;4.7;1;;6.80
0000000755;PD170-001;20260608;5.1;1;;5.08
0000000756;PD170-001;20260610;6.5;1;;6.88
0000000757;PD170-001;20260611;5.9;1;;7.20
0000000758;PD170-001;20260613;4.8;2;;7.17
0000000759;PD170-001;20260615;4.6;1;;7.91
0000000760;PD170-001;20260617;5.8;1;;8.20
0000000761;PD170-001;20260618;6.1;1;;5.71
0000000762;PD170-001;20260619;4.0;1;;6.89
0000000763;PD170-001;20260621;5.0;2;;7.29
0000000764;PD170-001;20260623;7.0;1;;7.34
0000000765;PD170-001;20260625;5.5;1;;6.49
0000000766;PD170-001;20260626;6.3;1;;6.67
0000000767;PD170-001;20260627;6.8;1;;7.33
0000000768;PD170-001;20260629;4.6;1;;6.56
0000000769;PD170-001;20260630;6.6;1;;7.85
0000000770;PD170-001;20260701;4.2;1;;5.06
0000000771;PD170-001;20260702;6.6;1;;7.10
0000000772;PD170-001;20260703;5.7;1;;6.44
0000000773;PD170-001;20260705;6.2;1;;6.06
0000000774;PD170-001;20260706;7.1;1;;5.58
0000000775;PD170-001;20260708;7.2;1;;5.87
0000000776;PD170-001;20260709;5.8;1;;7.76
0000000777;PD170-001;20260711;7.0;1;;6.17
0000000778;PD170-001;20260713;5.5;1;;7.83
0000000779;PD170-001;20260715;3.4;1;;8.48
0000000780;PD170-001;20260717;4.7;1;;8.12
0000000781;PD170-001;20260719;6.2;1;;8.35
0000000782;PD170-001;20260721;6.1;1;;6.15
0000000783;PD170-001;20260723;6.7;1;;6.67
0000000784;PD170-001;20260725;4.3;1;;6.16
0000000785;PD170-001;20260727;4.8;2;;5.64
0000000786;PD170-001;20260728;7.5;1;;5.23
0000000787;PD170-001;20260730;3.5;1;;6.86
0000000788;PD170-001;20260731;5.1;1;;7.04
0000000789;PD170-001;20260801;5.1;2;;5.59
0000000790;PD170-001;20260802;7.7;1;;6.64
0000000791;PD170-002;20240805;2.7;1;;1.66
0000000792;PD170-002;20240807;3.2;1;;1.88
0000000793;PD170-002;20240808;3.0;1;;1.42
0000000794;PD170-002;20240809;3.5;1;;1.65
0000000795;PD170-002;20240811;2.3;1;;1.67
0000000796;PD170-002;20240813;2.9;1;;2.29
0000000797;PD170-002;20240814;4.4;1;;2.24
0000000798;PD170-002;20240815;3.3;1;;1.73
0000000799;PD170-002;20240817;3.3;1;;1.47
0000000800;PD170-002;20240818;2.6;1;;1.68
0000000801;PD170-002;20240819;3.3;1;;1.90
0000000802;PD170-002;20240821;2.1;1;;1.75
0000000803;PD170-002;20240822;2.4;1;;1.62
0000000804;PD170-002;20240824;2.1;1;;2.16
0000000805;PD170-002;20240826;4.5;1;;2.25
0000000806;PD170-002;20240827;2.4;1;;2.23
0000000807;PD170-002;20240829;4.8;1;;1.57
0000000808;PD170-002;20240830;3.2;1;;2.51
0000000809;PD170-002;20240831;2.3;1;;2.21
0000000810;PD170-002;20240901;4.8;2;;1.92
0000000811;PD170-002;20240902;2.8;1;;1.38
0000000812;PD170-002;20240903;4.6;2;;2.05
0000000813;PD170-002;20240905;2.6;2;;2.29
0000000814;PD170-002;20240906;3.2;1;;2.34
0000000815;PD170-002;20240908;4.7;1;;1.80
0000000816;PD170-002;20240909;3.6;1;;2.16
0000000817;PD170-002;20240911;4.6;1;;1.95
0000000818;PD170-002;20240913;2.7;1;;1.92
0000000819;PD170-002;20240915;4.8;1;;1.75
0000000820;PD170-002;20240916;3.6;1;;1.93
0000000821;PD170-002;20240918;3.5;1;;1.51
0000000822;PD170-002;20240920;2.1;2;;2.42
0000000823;PD170-002;20240921;4.4;1;;2.06
0000000824;PD170-002;20240923;2.8;1;;2.38
0000000825;PD170-002;20240925;4.3;1;;2.10
0000000826;PD170-002;20240926;2.5;1;;2.06
0000000827;PD170-002;20240928;4.6;1;;1.88
0000000828;PD170-002;20240930;4.2;1;;1.80
0000000829;PD170-002;20241002;4.6;1;;2.05
0000000830;PD170-002;20241004;4.2;1;;1.53
0000000831;PD170-002;20241005;2.9;1;;2.17
0000000832;PD170-002;20241006;3.4;1;;2.00
0000000833;PD170-002;20241007;2.1;1;;2.25
0000000834;PD170-002;20241008;3.8;1;;2.21
0000000835;PD170-002;20241009;4.7;1;;2.59
0000000836;PD170-002;20241011;4.5;1;;2.31
0000000837;PD170-002;20241012;2.8;1;;2.61
0000000838;PD170-002;20241014;2.7;1;;2.15
0000000839;PD170-002;20241016;3.4;1;;2.25
0000000840;PD170-002;20241017;3.4;1;;2.73
0000000841;PD170-002;20241019;2.9;1;;2.11
0000000842;PD170-002;20241021;2.4;1;;1.83
0000000843;PD170-002;20241023;2.9;1;;1.57
0000000844;PD170-002;20241024;3.6;2;;2.57
0000000845;PD170-002;20241026;2.6;1;;2.67
0000000846;PD170-002;20241027;3.1;1;;1.89
0000000847;PD170-002;20241029;3.8;1;;2.54
0000000848;PD170-002;20241030;3.3;1;;1.61
0000000849;PD170-002;20241031;2.4;1;;2.71
0000000850;PD170-002;20241101;4.7;1;;2.31
0000000851;PD170-002;20241102;3.1;1;;1.64
0000000852;PD170-002;20241103;3.6;1;;2.28
0000000853;PD170-002;20241104;4.4;1;;2.72
0000000854;PD170-002;20241106;3.7;1;;2.01
0000000855;PD170-002;20241107;3.2;2;;1.84
0000000856;PD170-002;20241108;2.8;1;;1.78
0000000857;PD170-002;20241109;3.0;2;;2.72
0000000858;PD170-002;20241111;4.8;1;;2.23
0000000859;PD170-002;20241113;2.3;1;;2.12
0000000860;PD170-002;20241115;2.1;1;;2.35
0000000861;PD170-002;20241117;3.1;1;;1.83
0000000862;PD170-002;20241119;3.7;1;;2.00
0000000863;PD170-002;20241120;2.4;2;;2.59
0000000864;PD170-002;20241122;3.6;1;;2.10
0000000865;PD170-002;20241124;2.4;1;;2.45
0000000866;PD170-002;20241125;3.7;1;;1.99
0000000867;PD170-002;20241126;4.5;1;;2.24
0000000868;PD170-002;20241127;3.3;1;;2.62
0000000869;PD170-002;20241128;4.2;1;;2.07
0000000870;PD170-002;20241130;2.7;2;;2.07
0000000871;PD170-002;20241201;2.5;1;;1.82
0000000872;PD170-002;20241202;4.1;1;;1.98
0000000873;PD170-002;20241203;4.1;1;;2.88
0000000874;PD170-002;20241205;2.4;1;;1.92
0000000875;PD170-002;20241206;2.3;1;;2.36
0000000876;PD170-002;20241208;2.7;1;;2.34
0000000877;PD170-002;20241209;4.5;1;;1.99
0000000878;PD170-002;20241210;4.8;1;;2.06
0000000879;PD170-002;20241211;4.0;1;;2.12
0000000880;PD170-002;20241213;3.3;1;;2.13
0000000881;PD170-002;20241214;3.8;1;;2.58
0000000882;PD170-002;20241215;2.6;2;;2.19
0000000883;PD170-002;20241216;2.4;1;;1.67
0000000884;PD170-002;20241218;4.8;1;;1.68
0000000885;PD170-002;20241220;4.0;1;;2.61
0000000886;PD170-002;20241221;2.8;2;;2.31
0000000887;PD170-002;20241222;3.9;1;;2.99
0000000888;PD170-002;20241224;3.9;1;;1.90
0000000889;PD170-002;20241226;4.7;1;;2.58
0000000890;PD170-002;20241228;4.2;2;;1.85
0000000891;PD170-002;20241230;4.1;1;;1.63
0000000892;PD170-002;20250101;2.4;2;;2.88
0000000893;PD170-002;20250103;2.6;1;;2.69
0000000894;PD170-002;20250105;4.0;1;;2.94
0000000895;PD170-002;20250106;2.3;1;;3.00
0000000896;PD170-002;20250108;2.5;1;;2.70
0000000897;PD170-002;20250109;2.2;1;;2.15
0000000898;PD170-002;20250111;4.6;1;;2.09
0000000899;PD170-002;20250113;2.1;2;;3.03
0000000900;PD170-002;20250114;2.2;1;;2.08
0000000901;PD170-002;20250115;3.7;1;;1.86
0000000902;PD170-002;20250116;2.9;1;;3.08
0000000903;PD170-002;20250117;4.9;1;;2.85
0000000904;PD170-002;20250119;4.1;2;;2.23
0000000905;PD170-002;20250120;4.0;1;;2.52
0000000906;PD170-002;20250121;3.8;1;;2.34
0000000907;PD170-002;20250122;3.5;1;;2.27
0000000908;PD170-002;20250123;4.1;1;;2.02
0000000909;PD170-002;20250125;3.5;1;;2.48
0000000910;PD170-002;20250127;2.4;1;;2.67
0000000911;PD170-002;20250128;3.1;1;;2.61
0000000912;PD170-002;20250130;4.4;1;;2.33
0000000913;PD170-002;20250131;3.7;1;;2.50
0000000914;PD170-002;20250202;4.7;1;;2.51
0000000915;PD170-002;20250204;4.4;2;;1.78
0000000916;PD170-002;20250205;2.3;1;;3.18
0000000917;PD170-002;20250207;4.6;1;;3.00
0000000918;PD170-002;20250208;4.7;2;;2.02
0000000919;PD170-002;20250209;3.6;1;;2.64
0000000920;PD170-002;20250210;3.9;1;;2.20
0000000921;PD170-002;20250212;4.6;1;;3.00
0000000922;PD170-002;20250214;2.7;1;;2.45
0000000923;PD170-002;20250215;4.1;1;;2.36
0000000924;PD170-002;20250216;3.8;2;;2.31
0000000925;PD170-002;20250218;4.6;1;;2.84
0000000926;PD170-002;20250220;3.7;1;;1.78
0000000927;PD170-002;20250222;2.6;2;;1.65
0000000928;PD170-002;20250224;4.7;2;;2.97
0000000929;PD170-002;20250226;3.9;1;;2.08
0000000930;PD170-002;20250227;4.2;1;;1.95
0000000931;PD170-002;20250228;4.2;1;;2.45
0000000932;PD170-002;20250302;2.7;1;;2.88
0000000933;PD170-002;20250303;3.1;1;;2.42
0000000934;PD170-002;20250305;2.3;1;;2.84
0000000935;PD170-002;20250307;2.9;1;;2.38
0000000936;PD170-002;20250309;2.5;1;;2.14
0000000937;PD170-002;20250310;4.3;1;;2.45
0000000938;PD170-002;20250312;3.1;1;;2.24
0000000939;PD170-002;20250313;4.8;2;;2.76
0000000940;PD170-002;20250315;4.0;1;;2.41
0000000941;PD170-002;20250317;3.9;1;;2.70
0000000942;PD170-002;20250318;4.8;1;;2.96
0000000943;PD170-002;20250320;2.7;2;;3.10
0000000944;PD170-002;20250322;3.5;2;;1.69
0000000945;PD170-002;20250324;3.4;1;;2.43
0000000946;PD170-002;20250325;4.1;1;;2.98
0000000947;PD170-002;20250326;2.5;1;;1.77
0000000948;PD170-002;20250328;3.2;1;;2.28
0000000949;PD170-002;20250329;4.2;1;;3.09
0000000950;PD170-002;20250330;2.8;1;;2.33
0000000951;PD170-002;20250401;2.6;1;;2.29
0000000952;PD170-002;20250402;2.5;1;;2.60
0000000953;PD170-002;20250403;3.5;1;;2.35
0000000954;PD170-002;20250405;4.6;1;;2.52
0000000955;PD170-002;20250407;4.7;1;;2.35
0000000956;PD170-002;20250409;2.6;1;;3.04
0000000957;PD170-002;20250411;4.2;2;;2.01
0000000958;PD170-002;20250413;4.3;1;;2.65
0000000959;PD170-002;20250414;4.8;1;;2.13
0000000960;PD170-002;20250415;4.4;1;;2.37
0000000961;PD170-002;20250416;2.4;1;;2.86
0000000962;PD170-002;20250418;4.4;1;;2.95
0000000963;PD170-002;20250420;4.8;1;;2.85
0000000964;PD170-002;20250421;2.2;2;;3.17
0000000965;PD170-002;20250423;3.5;1;;2.93
0000000966;PD170-002;20250424;3.0;1;;3.24
0000000967;PD170-002;20250425;3.2;1;;2.12
0000000968;PD170-002;20250426;4.3;1;;2.70
0000000969;PD170-002;20250427;3.0;1;;3.02
0000000970;PD170-002;20250428;4.1;1;;3.11
0000000971;PD170-002;20250430;3.2;1;;2.28
0000000972;PD170-002;20250501;4.6;1;;2.32
0000000973;PD170-002;20250502;4.2;1;;2.76
0000000974;PD170-002;20250503;3.3;1;;2.38
0000000975;PD170-002;20250505;3.4;2;;2.62
0000000976;PD170-002;20250507;2.4;1;;2.99
0000000977;PD170-002;20250509;4.1;1;;2.87
0000000978;PD170-002;20250510;2.5;1;;2.80
0000000979;PD170-002;20250511;4.6;1;;2.49
0000000980;PD170-002;20250513;3.5;2;;2.38
0000000981;PD170-002;20250515;3.4;2;;3.08
0000000982;PD170-002;20250517;3.5;2;;3.02
0000000983;PD170-002;20250519;4.5;1;;3.37
0000000984;PD170-002;20250520;3.7;1;;2.08
0000000985;PD170-002;20250521;3.0;1;;2.32
0000000986;PD170-002;20250523;2.5;1;;2.65
0000000987;PD170-002;20250524;4.0;1;;3.14
0000000988;PD170-002;20250525;3.4;1;;2.93
0000000989;PD170-002;20250526;4.6;1;;3.05
0000000990;PD170-002;20250528;2.3;1;;2.20
0000000991;PD170-002;20250530;4.9;1;;2.72
0000000992;PD170-002;20250601;2.3;1;;2.64
0000000993;PD170-002;20250603;2.1;2;;3.08
0000000994;PD170-002;20250605;4.6;1;;2.87
0000000995;PD170-002;20250607;3.7;2;;2.59
0000000996;PD170-002;20250608;4.0;1;;2.62
0000000997;PD170-002;20250610;3.3;1;;3.02
0000000998;PD170-002;20250612;3.1;2;;2.80
0000000999;PD170-002;20250613;4.6;1;;2.79
0000001000;PD170-002;20250614;2.5;1;;2.91
0000001001;PD170-002;20250615;4.4;1;;2.24
0000001002;PD170-002;20250617;2.2;1;;2.82
0000001003;PD170-002;20250618;4.3;1;;2.78
0000001004;PD170-002;20250619;2.5;2;;2.33
0000001005;PD170-002;20250620;3.6;1;;2.97
0000001006;PD170-002;20250621;2.5;2;;2.63
0000001007;PD170-002;20250622;4.9;1;;2.85
0000001008;PD170-002;20250623;3.3;1;;2.16
0000001009;PD170-002;20250625;4.4;1;;3.42
0000001010;PD170-002;20250627;2.4;1;;2.73
0000001011;PD170-002;20250629;3.2;1;;2.57
0000001012;PD170-002;20250630;4.2;2;;2.79
0000001013;PD170-002;20250701;2.2;1;;2.95
0000001014;PD170-002;20250703;3.6;1;;2.52
0000001015;PD170-002;20250704;4.5;1;;2.63
0000001016;PD170-002;20250705;2.9;1;;2.39
0000001017;PD170-002;20250706;4.9;1;;2.35
0000001018;PD170-002;20250708;2.1;1;;3.44
0000001019;PD170-002;20250710;3.1;1;;3.52
0000001020;PD170-002;20250712;4.8;1;;2.86
0000001021;PD170-002;20250714;4.0;2;;2.63
0000001022;PD170-002;20250716;2.9;1;;2.01
0000001023;PD170-002;20250717;2.8;1;;2.20
0000001024;PD170-002;20250718;3.1;1;;2.49
0000001025;PD170-002;20250720;2.5;1;;2.32
0000001026;PD170-002;20250722;2.6;1;;2.40
0000001027;PD170-002;20250723;3.1;1;;3.16
0000001028;PD170-002;20250724;4.0;2;;2.64
0000001029;PD170-002;20250726;2.5;1;;3.43
0000001030;PD170-002;20250728;2.5;1;;3.47
0000001031;PD170-002;20250729;2.9;1;;2.01
0000001032;PD170-002;20250730;3.2;1;;2.72
0000001033;PD170-002;20250731;4.2;1;;2.85
0000001034;PD170-002;20250801;2.8;1;;3.54
0000001035;PD170-002;20250803;2.6;1;;3.34
0000001036;PD170-002;20250804;4.6;1;;3.54
0000001037;PD170-002;20250806;4.6;1;;3.40
0000001038;PD170-002;20250807;3.8;1;;3.34
0000001039;PD170-002;20250808;2.5;1;;3.41
0000001040;PD170-002;20250809;3.1;1;;2.59
0000001041;PD170-002;20250810;3.3;1;;2.75
0000001042;PD170-002;20250811;3.5;1;;2.23
0000001043;PD170-002;20250812;3.5;2;;2.89
0000001044;PD170-002;20250813;4.3;2;;2.49
0000001045;PD170-002;20250815;2.4;1;;3.18
0000001046;PD170-002;20250816;2.5;1;;2.86
0000001047;PD170-002;20250818;4.3;1;;3.36
0000001048;PD170-002;20250819;2.5;1;;3.13
0000001049;PD170-002;20250820;3.0;1;;2.06
0000001050;PD170-002;20250822;2.6;1;;2.77
0000001051;PD170-002;20250823;3.2;1;;2.24
0000001052;PD170-002;20250824;4.0;1;;2.83
0000001053;PD170-002;20250826;2.7;1;;3.38
0000001054;PD170-002;20250828;2.7;1;;3.38
0000001055;PD170-002;20250830;4.7;1;;3.50
0000001056;PD170-002;20250901;3.1;1;;2.80
0000001057;PD170-002;20250902;3.4;1;;2.39
0000001058;PD170-002;20250904;2.3;1;;2.98
0000001059;PD170-002;20250905;3.8;1;;2.07
0000001060;PD170-002;20250907;3.0;2;;2.78
0000001061;PD170-002;20250909;3.7;1;;2.88
0000001062;PD170-002;20250910;3.3;1;;2.62
0000001063;PD170-002;20250911;2.3;1;;3.07
0000001064;PD170-002;20250913;4.2;1;;2.89
0000001065;PD170-002;20250915;3.5;1;;2.31
0000001066;PD170-002;20250916;3.7;1;;2.11
0000001067;PD170-002;20250918;3.4;1;;2.77
0000001068;PD170-002;20250919;2.8;1;;2.73
0000001069;PD170-002;20250921;4.0;2;;3.46
0000001070;PD170-002;20250922;4.8;1;;3.21
0000001071;PD170-002;20250923;4.5;2;;3.22
0000001072;PD170-002;20250924;4.8;1;;3.77
0000001073;PD170-002;20250926;2.5;2;;2.37
0000001074;PD170-002;20250928;2.5;1;;3.12
0000001075;PD170-002;20250930;2.2;1;;3.30
0000001076;PD170-002;20251002;2.6;1;;3.15
0000001077;PD170-002;20251003;3.1;1;;2.33
0000001078;PD170-002;20251004;3.9;1;;3.38
0000001079;PD170-002;20251006;4.5;1;;2.65
0000001080;PD170-002;20251008;4.5;1;;2.69
0000001081;PD170-002;20251010;3.4;1;;2.65
0000001082;PD170-002;20251012;3.9;1;;3.06
0000001083;PD170-002;20251014;4.2;1;;2.76
0000001084;PD170-002;20251016;4.8;2;;3.12
0000001085;PD170-002;20251017;3.6;1;;2.63
0000001086;PD170-002;20251018;3.9;1;;2.77
0000001087;PD170-002;20251019;2.9;1;;2.68
0000001088;PD170-002;20251021;4.1;1;;3.21
0000001089;PD170-002;20251022;4.2;1;;2.64
0000001090;PD170-002;20251023;2.8;1;;2.57
0000001091;PD170-002;20251024;4.9;1;;3.28
0000001092;PD170-002;20251025;2.1;1;;2.55
0000001093;PD170-002;20251026;2.3;1;;2.92
0000001094;PD170-002;20251028;4.0;1;;3.30
0000001095;PD170-002;20251030;3.9;1;;2.71
0000001096;PD170-002;20251031;3.1;1;;3.80
0000001097;PD170-002;20251101;2.8;1;;3.11
0000001098;PD170-002;20251103;3.9;1;;3.32
0000001099;PD170-002;20251104;3.4;1;;3.45
0000001100;PD170-002;20251106;2.7;1;;3.29
0000001101;PD170-002;20251107;3.1;1;;3.59
0000001102;PD170-002;20251108;3.7;1;;3.06
0000001103;PD170-002;20251109;2.4;1;;3.35
0000001104;PD170-002;20251110;3.2;1;;2.42
0000001105;PD170-002;20251112;2.7;1;;3.13
0000001106;PD170-002;20251113;2.8;1;;3.05
0000001107;PD170-002;20251115;4.3;1;;2.99
0000001108;PD170-002;20251116;3.8;1;;3.19
0000001109;PD170-002;20251118;4.1;1;;3.50
0000001110;PD170-002;20251120;3.1;1;;3.91
0000001111;PD170-002;20251122;3.2;1;;3.20
0000001112;PD170-002;20251123;4.6;1;;3.48
0000001113;PD170-002;20251124;3.4;1;;2.84
0000001114;PD170-002;20251125;4.1;1;;2.98
0000001115;PD170-002;20251126;3.7;1;;2.76
0000001116;PD170-002;20251127;3.1;1;;3.00
0000001117;PD170-002;20251128;3.4;1;;3.95
0000001118;PD170-002;20251130;4.0;2;;2.48
0000001119;PD170-002;20251201;2.5;1;;4.06
0000001120;PD170-002;20251202;2.9;1;;3.49
0000001121;PD170-002;20251204;3.2;1;;3.24
0000001122;PD170-002;20251206;2.4;1;;3.72
0000001123;PD170-002;20251208;4.8;1;;3.10
0000001124;PD170-002;20251210;3.5;1;;2.59
0000001125;PD170-002;20251211;3.4;1;;2.69
0000001126;PD170-002;20251213;2.2;1;;3.44
0000001127;PD170-002;20251215;4.7;1;;2.86
0000001128;PD170-002;20251217;3.4;1;;3.27
0000001129;PD170-002;20251219;4.2;2;;3.28
0000001130;PD170-002;20251221;3.2;1;;4.18
0000001131;PD170-002;20251222;3.0;1;;3.31
0000001132;PD170-002;20251224;3.5;1;;3.91
0000001133;PD170-002;20251226;3.3;1;;3.88
0000001134;PD170-002;20251228;3.4;2;;2.83
0000001135;PD170-002;20251230;2.5;2;;3.16
0000001136;PD170-002;20251231;2.5;1;;2.62
0000001137;PD170-002;20260101;4.4;1;;2.68
0000001138;PD170-002;20260103;4.3;2;;3.45
0000001139;PD170-002;20260104;4.1;1;;4.00
0000001140;PD170-002;20260106;4.5;1;;3.13
0000001141;PD170-002;20260107;3.1;1;;3.09
0000001142;PD170-002;20260108;4.7;1;;2.71
0000001143;PD170-002;20260110;2.9;1;;2.14
0000001144;PD170-002;20260111;2.1;1;;3.64
0000001145;PD170-002;20260113;4.5;1;;2.67
0000001146;PD170-002;20260114;3.3;1;;3.68
0000001147;PD170-002;20260116;2.8;1;;2.92
0000001148;PD170-002;20260118;4.3;1;;3.95
0000001149;PD170-002;20260120;4.2;2;;3.09
0000001150;PD170-002;20260122;2.3;1;;2.92
0000001151;PD170-002;20260124;3.4;1;;4.01
0000001152;PD170-002;20260125;3.8;2;;2.49
0000001153;PD170-002;20260127;2.9;1;;4.45
0000001154;PD170-002;20260128;2.9;1;;2.56
0000001155;PD170-002;20260129;2.1;1;;2.89
0000001156;PD170-002;20260131;3.7;1;;3.95
0000001157;PD170-002;20260201;3.6;1;;4.06
0000001158;PD170-002;20260203;4.6;1;;3.60
0000001159;PD170-002;20260204;4.1;1;;2.52
0000001160;PD170-002;20260206;4.2;1;;3.46
0000001161;PD170-002;20260208;2.7;1;;3.40
0000001162;PD170-002;20260210;4.5;2;;3.60
0000001163;PD170-002;20260212;3.9;1;;3.76
0000001164;PD170-002;20260214;2.2;1;;3.65
0000001165;PD170-002;20260216;2.9;1;;3.12
0000001166;PD170-002;20260217;4.0;1;;3.90
0000001167;PD170-002;20260219;3.3;1;;3.54
0000001168;PD170-002;20260220;3.0;1;;4.29
0000001169;PD170-002;20260221;3.6;2;;3.12
0000001170;PD170-002;20260223;4.9;1;;3.99
0000001171;PD170-002;20260225;3.7;1;;3.93
0000001172;PD170-002;20260226;3.1;1;;3.56
0000001173;PD170-002;20260227;2.4;1;;3.90
0000001174;PD170-002;20260301;2.7;1;;2.56
0000001175;PD170-002;20260303;2.6;1;;3.66
0000001176;PD170-002;20260305;2.1;2;;3.75
0000001177;PD170-002;20260306;4.3;1;;4.12
0000001178;PD170-002;20260308;3.5;2;;3.13
0000001179;PD170-002;20260310;3.6;1;;3.70
0000001180;PD170-002;20260312;4.7;1;;3.08
0000001181;PD170-002;20260314;2.2;1;;3.19
0000001182;PD170-002;20260316;2.6;1;;3.98
0000001183;PD170-002;20260317;2.5;1;;3.71
0000001184;PD170-002;20260318;3.8;1;;2.84
0000001185;PD170-002;20260320;4.2;1;;4.22
0000001186;PD170-002;20260321;3.2;1;;2.63
0000001187;PD170-002;20260322;4.2;1;;2.90
0000001188;PD170-002;20260324;4.0;1;;3.63
0000001189;PD170-002;20260326;3.3;1;;2.56
0000001190;PD170-002;20260327;3.2;2;;3.84
0000001191;PD170-002;20260328;4.5;1;;4.73
0000001192;PD170-002;20260329;2.1;1;;3.69
0000001193;PD170-002;20260330;2.7;1;;4.63
0000001194;PD170-002;20260401;3.9;1;;2.56
0000001195;PD170-002;20260403;4.2;1;;2.60
0000001196;PD170-002;20260405;2.6;1;;4.38
0000001197;PD170-002;20260407;4.7;1;;4.64
0000001198;PD170-002;20260409;2.6;1;;3.16
0000001199;PD170-002;20260410;3.8;1;;4.49
0000001200;PD170-002;20260412;2.8;1;;3.67
0000001201;PD170-002;20260413;2.7;1;;2.95
0000001202;PD170-002;20260414;4.1;1;;4.04
0000001203;PD170-002;20260416;3.3;1;;3.86
0000001204;PD170-002;20260418;4.8;1;;3.42
0000001205;PD170-002;20260420;2.1;1;;3.38
0000001206;PD170-002;20260422;4.1;2;;3.11
0000001207;PD170-002;20260423;2.2;2;;3.19
0000001208;PD170-002;20260424;3.2;1;;2.42
0000001209;PD170-002;20260426;3.4;1;;3.90
0000001210;PD170-002;20260428;3.8;1;;4.59
0000001211;PD170-002;20260430;3.8;1;;3.84
0000001212;PD170-002;20260502;3.7;1;;4.08
0000001213;PD170-002;20260504;2.4;2;;3.24
0000001214;PD170-002;20260505;3.5;2;;3.25
0000001215;PD170-002;20260506;3.2;1;;3.02
0000001216;PD170-002;20260507;3.9;1;;4.18
0000001217;PD170-002;20260508;2.6;2;;4.04
0000001218;PD170-002;20260509;2.4;2;;3.04
0000001219;PD170-002;20260511;4.5;1;;4.07
0000001220;PD170-002;20260513;4.2;1;;3.10
0000001221;PD170-002;20260515;3.3;1;;2.52
0000001222;PD170-002;20260517;4.9;1;;3.31
0000001223;PD170-002;20260518;3.4;1;;3.67
0000001224;PD170-002;20260519;2.6;1;;4.09
0000001225;PD170-002;20260521;3.3;1;;3.21
0000001226;PD170-002;20260523;4.3;1;;2.95
0000001227;PD170-002;20260525;2.2;1;;3.39
0000001228;PD170-002;20260526;3.2;1;;2.71
0000001229;PD170-002;20260528;3.4;1;;4.37
0000001230;PD170-002;20260530;2.4;2;;3.17
0000001231;PD170-002;20260531;2.2;1;;4.43
0000001232;PD170-002;20260601;3.7;2;;2.87
0000001233;PD170-002;20260602;2.7;1;;4.95
0000001234;PD170-002;20260604;2.6;1;;4.22
0000001235;PD170-002;20260605;2.7;1;;4.48
0000001236;PD170-002;20260607;2.5;1;;4.01
0000001237;PD170-002;20260608;2.4;1;;3.51
0000001238;PD170-002;20260610;4.0;1;;4.74
0000001239;PD170-002;20260611;4.4;1;;4.39
0000001240;PD170-002;20260613;3.3;2;;3.75
0000001241;PD170-002;20260615;4.7;1;;4.79
0000001242;PD170-002;20260617;3.4;2;;3.32
0000001243;PD170-002;20260618;3.9;1;;3.99
0000001244;PD170-002;20260620;4.2;1;;4.01
0000001245;PD170-002;20260621;3.2;1;;3.02
0000001246;PD170-002;20260622;4.5;1;;4.90
0000001247;PD170-002;20260624;3.3;1;;4.84
0000001248;PD170-002;20260626;4.8;2;;3.86
0000001249;PD170-002;20260628;4.2;1;;3.70
0000001250;PD170-002;20260630;3.6;1;;3.90
0000001251;PD170-002;20260701;3.9;1;;3.73
0000001252;PD170-002;20260702;4.1;1;;4.54
0000001253;PD170-002;20260703;2.4;1;;2.71
0000001254;PD170-002;20260705;2.1;1;;3.83
0000001255;PD170-002;20260707;2.8;1;;3.42
0000001256;PD170-002;20260709;4.3;1;;3.43
0000001257;PD170-002;20260710;4.1;2;;4.50
0000001258;PD170-002;20260712;4.3;1;;3.71
0000001259;PD170-002;20260714;4.3;1;;4.06
0000001260;PD170-002;20260715;3.6;1;;4.03
0000001261;PD170-002;20260716;3.1;1;;2.81
0000001262;PD170-002;20260718;4.3;1;;3.02
0000001263;PD170-002;20260719;4.5;1;;4.35
0000001264;PD170-002;20260720;3.0;1;;4.27
0000001265;PD170-002;20260722;4.4;1;;3.11
0000001266;PD170-002;20260723;4.5;1;;3.81
0000001267;PD170-002;20260725;3.6;1;;4.21
0000001268;PD170-002;20260727;2.5;1;;4.09
0000001269;PD170-002;20260729;4.0;1;;3.77
0000001270;PD170-002;20260731;4.4;1;;3.12
0000001271;PD170-002;20260802;2.8;1;;4.87
0000001272;PD170-002;20260803;2.2;1;;4.91
0000001273;PD170-003;20240804;3.0;1;;5.32
0000001274;PD170-003;20240808;2.9;1;;4.58
0000001275;PD170-003;20240810;4.0;1;;3.58
0000001276;PD170-003;20240813;2.5;1;;3.95
0000001277;PD170-003;20240814;2.6;1;;4.37
0000001278;PD170-003;20240815;2.9;1;;5.48
0000001279;PD170-003;20240816;2.8;1;;4.78
0000001280;PD170-003;20240817;3.0;1;;2.99
0000001281;PD170-003;20240820;3.7;1;;5.21
0000001282;PD170-003;20240821;3.2;1;;5.07
0000001283;PD170-003;20240824;3.6;1;;2.96
0000001284;PD170-003;20240825;2.4;1;;3.43
0000001285;PD170-003;20240829;5.3;1;;3.38
0000001286;PD170-003;20240831;4.0;1;;5.23
0000001287;PD170-003;20240903;3.3;1;;5.25
0000001288;PD170-003;20240904;4.4;1;;5.01
0000001289;PD170-003;20240907;4.0;1;;5.56
0000001290;PD170-003;20240911;2.3;2;;5.29
0000001291;PD170-003;20240915;2.5;1;;4.84
0000001292;PD170-003;20240918;5.0;1;;5.67
0000001293;PD170-003;20240920;3.2;1;;4.40
0000001294;PD170-003;20240923;2.6;1;;5.19
0000001295;PD170-003;20240925;2.5;1;;4.77
0000001296;PD170-003;20240927;3.4;1;;4.46
0000001297;PD170-003;20241001;4.2;2;;4.61
0000001298;PD170-003;20241005;2.4;1;;5.19
0000001299;PD170-003;20241008;3.7;2;;3.22
0000001300;PD170-003;20241009;2.7;1;;3.89
0000001301;PD170-003;20241011;2.7;1;;3.53
0000001302;PD170-003;20241014;5.3;2;;4.51
0000001303;PD170-003;20241015;4.6;1;;5.29
0000001304;PD170-003;20241016;3.6;1;;4.99
0000001305;PD170-003;20241019;4.4;1;;5.08
0000001306;PD170-003;20241023;3.0;2;;5.35
0000001307;PD170-003;20241026;3.8;1;;3.53
0000001308;PD170-003;20241029;2.8;2;;4.48
0000001309;PD170-003;20241030;4.4;1;;4.88
0000001310;PD170-003;20241103;5.1;1;;4.44
0000001311;PD170-003;20241106;3.2;1;;3.89
0000001312;PD170-003;20241110;5.3;1;;5.47
0000001313;PD170-003;20241113;4.4;1;;3.75
0000001314;PD170-003;20241117;2.9;2;;4.51
0000001315;PD170-003;20241118;3.0;1;;5.57
0000001316;PD170-003;20241120;4.2;1;;5.41
0000001317;PD170-003;20241124;4.2;2;;4.78
0000001318;PD170-003;20241127;3.5;1;;4.76
0000001319;PD170-003;20241129;5.0;1;;4.69
0000001320;PD170-003;20241201;4.5;2;;3.71
0000001321;PD170-003;20241205;5.2;2;;5.93
0000001322;PD170-003;20241208;5.1;1;;5.32
0000001323;PD170-003;20241211;3.4;1;;3.72
0000001324;PD170-003;20241212;2.9;1;;4.65
0000001325;PD170-003;20241213;4.1;1;;3.27
0000001326;PD170-003;20241214;3.6;2;;4.82
0000001327;PD170-003;20241217;2.5;1;;4.14
0000001328;PD170-003;20241219;3.2;1;;3.85
0000001329;PD170-003;20241220;3.2;1;;4.63
0000001330;PD170-003;20241223;3.0;1;;4.54
0000001331;PD170-003;20241227;2.5;1;;4.82
0000001332;PD170-003;20241228;3.5;1;;5.34
0000001333;PD170-003;20250101;5.2;1;;4.54
0000001334;PD170-003;20250104;5.1;1;;4.52
0000001335;PD170-003;20250105;2.6;1;;4.16
0000001336;PD170-003;20250106;4.2;1;;4.13
0000001337;PD170-003;20250107;5.2;1;;4.03
0000001338;PD170-003;20250108;2.7;1;;3.69
0000001339;PD170-003;20250109;5.2;1;;3.42
0000001340;PD170-003;20250110;3.7;2;;5.29
0000001341;PD170-003;20250113;2.7;1;;3.21
0000001342;PD170-003;20250115;3.8;1;;5.56
0000001343;PD170-003;20250118;4.5;1;;5.28
0000001344;PD170-003;20250119;3.4;1;;5.13
0000001345;PD170-003;20250123;3.6;1;;5.30
0000001346;PD170-003;20250125;4.9;1;;4.48
0000001347;PD170-003;20250129;3.6;1;;6.00
0000001348;PD170-003;20250201;4.5;1;;5.35
0000001349;PD170-003;20250205;3.9;1;;6.00
0000001350;PD170-003;20250206;5.0;2;;3.49
0000001351;PD170-003;20250209;4.0;1;;5.76
0000001352;PD170-003;20250213;4.9;1;;4.00
0000001353;PD170-003;20250217;3.3;1;;6.34
0000001354;PD170-003;20250220;4.0;1;;5.60
0000001355;PD170-003;20250224;3.9;1;;5.39
0000001356;PD170-003;20250228;3.1;1;;3.29
0000001357;PD170-003;20250302;3.1;1;;3.80
0000001358;PD170-003;20250306;4.4;1;;5.05
0000001359;PD170-003;20250307;3.5;1;;5.87
0000001360;PD170-003;20250310;4.8;1;;3.54
0000001361;PD170-003;20250311;3.8;1;;3.37
0000001362;PD170-003;20250313;5.1;1;;4.03
0000001363;PD170-003;20250316;4.6;2;;5.35
0000001364;PD170-003;20250319;5.3;1;;5.92
0000001365;PD170-003;20250321;4.7;1;;5.72
0000001366;PD170-003;20250323;4.0;1;;3.56
0000001367;PD170-003;20250326;2.5;1;;3.63
0000001368;PD170-003;20250329;3.6;1;;3.53
0000001369;PD170-003;20250401;4.2;1;;3.23
0000001370;PD170-003;20250402;5.3;1;;6.55
0000001371;PD170-003;20250405;4.1;1;;5.99
0000001372;PD170-003;20250408;3.4;1;;6.41
0000001373;PD170-003;20250409;5.2;1;;5.97
0000001374;PD170-003;20250410;2.8;1;;3.91
0000001375;PD170-003;20250411;4.2;1;;4.49
0000001376;PD170-003;20250415;2.4;1;;5.71
0000001377;PD170-003;20250419;4.1;1;;6.39
0000001378;PD170-003;20250420;4.1;1;;3.94
0000001379;PD170-003;20250423;2.6;1;;6.14
0000001380;PD170-003;20250427;2.5;1;;4.79
0000001381;PD170-003;20250430;3.8;1;;5.03
0000001382;PD170-003;20250503;5.3;1;;4.58
0000001383;PD170-003;20250506;3.5;1;;4.69
0000001384;PD170-003;20250510;3.3;2;;4.84
0000001385;PD170-003;20250511;2.7;1;;3.98
0000001386;PD170-003;20250513;4.7;1;;6.24
0000001387;PD170-003;20250515;3.7;1;;5.72
0000001388;PD170-003;20250516;3.3;1;;3.50
0000001389;PD170-003;20250517;4.7;1;;5.12
0000001390;PD170-003;20250519;3.4;2;;5.67
0000001391;PD170-003;20250523;2.8;1;;5.14
0000001392;PD170-003;20250524;4.2;1;;5.72
0000001393;PD170-003;20250525;4.0;1;;4.70
0000001394;PD170-003;20250527;3.5;1;;4.33
0000001395;PD170-003;20250530;2.4;1;;5.88
0000001396;PD170-003;20250531;4.1;1;;5.47
0000001397;PD170-003;20250601;3.0;2;;5.50
0000001398;PD170-003;20250604;4.4;1;;5.85
0000001399;PD170-003;20250606;4.1;1;;5.10
0000001400;PD170-003;20250609;4.9;1;;4.10
0000001401;PD170-003;20250610;2.6;2;;6.23
0000001402;PD170-003;20250611;4.6;1;;6.11
0000001403;PD170-003;20250612;5.2;1;;5.61
0000001404;PD170-003;20250614;3.1;1;;6.18
0000001405;PD170-003;20250615;4.7;1;;6.80
0000001406;PD170-003;20250619;4.0;1;;5.83
0000001407;PD170-003;20250622;3.9;1;;6.94
0000001408;PD170-003;20250625;2.5;1;;5.70
0000001409;PD170-003;20250627;3.6;1;;5.64
0000001410;PD170-003;20250701;3.3;2;;4.95
0000001411;PD170-003;20250702;4.9;1;;5.48
0000001412;PD170-003;20250705;4.5;1;;4.15
0000001413;PD170-003;20250709;4.8;1;;5.74
0000001414;PD170-003;20250710;2.5;1;;3.86
0000001415;PD170-003;20250712;4.8;1;;5.25
0000001416;PD170-003;20250716;3.3;1;;4.26
0000001417;PD170-003;20250717;3.1;1;;5.12
0000001418;PD170-003;20250718;3.2;2;;5.17
0000001419;PD170-003;20250720;3.2;2;;5.44
0000001420;PD170-003;20250721;2.9;1;;6.90
0000001421;PD170-003;20250722;4.0;1;;5.26
0000001422;PD170-003;20250724;4.4;1;;6.96
0000001423;PD170-003;20250726;5.3;1;;3.90
0000001424;PD170-003;20250729;4.0;1;;6.94
0000001425;PD170-003;20250731;5.2;1;;5.51
0000001426;PD170-003;20250802;3.0;1;;5.28
0000001427;PD170-003;20250805;4.3;1;;6.54
0000001428;PD170-003;20250807;3.7;1;;6.46
0000001429;PD170-003;20250808;3.2;2;;4.29
0000001430;PD170-003;20250811;3.6;1;;4.65
0000001431;PD170-003;20250814;3.3;1;;6.73
0000001432;PD170-003;20250815;2.4;1;;5.05
0000001433;PD170-003;20250817;4.4;2;;6.48
0000001434;PD170-003;20250818;2.6;1;;4.19
0000001435;PD170-003;20250819;2.6;1;;6.92
0000001436;PD170-003;20250822;3.7;1;;5.79
0000001437;PD170-003;20250826;5.1;1;;3.56
0000001438;PD170-003;20250828;2.9;2;;4.69
0000001439;PD170-003;20250831;4.2;1;;7.09
0000001440;PD170-003;20250903;2.5;1;;5.93
0000001441;PD170-003;20250905;2.6;1;;5.69
0000001442;PD170-003;20250906;4.7;1;;6.23
0000001443;PD170-003;20250908;5.0;1;;3.85
0000001444;PD170-003;20250909;3.8;1;;4.35
0000001445;PD170-003;20250911;3.1;1;;5.84
0000001446;PD170-003;20250914;2.9;1;;5.74
0000001447;PD170-003;20250918;3.2;1;;5.76
0000001448;PD170-003;20250920;2.4;1;;4.12
0000001449;PD170-003;20250921;3.8;1;;5.38
0000001450;PD170-003;20250925;4.8;1;;6.75
0000001451;PD170-003;20250927;3.4;2;;4.73
0000001452;PD170-003;20250928;4.3;1;;6.18
0000001453;PD170-003;20251001;4.7;2;;6.57
0000001454;PD170-003;20251005;5.0;2;;7.01
0000001455;PD170-003;20251008;3.8;1;;6.49
0000001456;PD170-003;20251009;3.3;1;;6.28
0000001457;PD170-003;20251010;4.1;1;;4.30
0000001458;PD170-003;20251011;3.6;1;;6.78
0000001459;PD170-003;20251015;4.4;1;;5.35
0000001460;PD170-003;20251019;4.2;1;;3.84
0000001461;PD170-003;20251023;4.0;2;;4.85
0000001462;PD170-003;20251026;2.4;1;;4.85
0000001463;PD170-003;20251027;3.0;1;;6.97
0000001464;PD170-003;20251031;3.9;1;;7.10
0000001465;PD170-003;20251101;5.3;2;;4.73
0000001466;PD170-003;20251102;4.9;1;;4.95
0000001467;PD170-003;20251103;2.3;1;;5.18
0000001468;PD170-003;20251106;4.6;1;;5.49
0000001469;PD170-003;20251110;4.6;1;;4.29
0000001470;PD170-003;20251113;2.8;1;;6.88
0000001471;PD170-003;20251117;2.7;1;;4.50
0000001472;PD170-003;20251121;2.4;1;;5.59
0000001473;PD170-003;20251123;2.4;1;;6.38
0000001474;PD170-003;20251124;3.2;1;;7.50
0000001475;PD170-003;20251127;3.6;1;;5.07
0000001476;PD170-003;20251129;4.2;2;;5.15
0000001477;PD170-003;20251203;4.5;1;;7.00
0000001478;PD170-003;20251207;2.7;2;;6.90
0000001479;PD170-003;20251209;2.8;1;;7.09
0000001480;PD170-003;20251210;2.3;1;;6.48
0000001481;PD170-003;20251211;4.7;1;;7.16
0000001482;PD170-003;20251215;2.3;1;;7.05
0000001483;PD170-003;20251219;4.0;1;;5.46
0000001484;PD170-003;20251220;3.0;1;;5.29
0000001485;PD170-003;20251223;3.6;1;;7.06
0000001486;PD170-003;20251226;2.7;1;;5.78
0000001487;PD170-003;20251228;3.2;1;;6.46
0000001488;PD170-003;20251229;2.3;1;;4.90
0000001489;PD170-003;20260102;4.3;1;;4.27
0000001490;PD170-003;20260106;5.3;1;;5.82
0000001491;PD170-003;20260107;2.8;1;;6.93
0000001492;PD170-003;20260109;4.4;1;;6.53
0000001493;PD170-003;20260112;2.6;2;;5.24
0000001494;PD170-003;20260114;2.7;1;;5.11
0000001495;PD170-003;20260116;5.0;1;;7.16
0000001496;PD170-003;20260118;2.5;1;;5.52
0000001497;PD170-003;20260121;3.0;1;;6.39
0000001498;PD170-003;20260124;4.8;1;;4.37
0000001499;PD170-003;20260127;5.3;2;;5.96
0000001500;PD170-003;20260131;4.1;1;;6.83
0000001501;PD170-003;20260204;3.2;1;;6.20
0000001502;PD170-003;20260207;3.5;1;;4.69
0000001503;PD170-003;20260211;3.7;1;;5.73
0000001504;PD170-003;20260213;4.1;1;;8.05
0000001505;PD170-003;20260216;4.6;1;;5.23
0000001506;PD170-003;20260218;2.9;1;;5.44
0000001507;PD170-003;20260221;2.5;1;;6.14
0000001508;PD170-003;20260223;2.6;1;;7.13
0000001509;PD170-003;20260224;2.7;1;;5.85
0000001510;PD170-003;20260227;3.7;1;;7.05
0000001511;PD170-003;20260301;2.3;1;;6.67
0000001512;PD170-003;20260303;3.9;1;;6.73
0000001513;PD170-003;20260305;4.5;1;;6.60
0000001514;PD170-003;20260308;4.5;2;;4.46
0000001515;PD170-003;20260310;4.1;1;;6.86
0000001516;PD170-003;20260314;4.4;1;;5.45
0000001517;PD170-003;20260317;4.9;2;;4.92
0000001518;PD170-003;20260318;2.8;1;;6.59
0000001519;PD170-003;20260321;3.4;2;;4.59
0000001520;PD170-003;20260325;4.9;1;;5.73
0000001521;PD170-003;20260327;3.6;1;;5.74
0000001522;PD170-003;20260328;2.3;1;;5.89
0000001523;PD170-003;20260331;2.3;2;;5.21
0000001524;PD170-003;20260402;2.8;1;;4.31
0000001525;PD170-003;20260405;3.5;1;;4.85
0000001526;PD170-003;20260408;3.3;2;;4.88
0000001527;PD170-003;20260412;3.0;1;;4.90
0000001528;PD170-003;20260414;3.0;1;;5.05
0000001529;PD170-003;20260415;3.6;1;;4.25
0000001530;PD170-003;20260417;4.8;1;;5.08
0000001531;PD170-003;20260421;3.5;2;;6.19
0000001532;PD170-003;20260425;2.6;2;;7.58
0000001533;PD170-003;20260426;4.6;1;;4.87
0000001534;PD170-003;20260430;3.6;1;;6.09
0000001535;PD170-003;20260503;5.0;1;;5.47
0000001536;PD170-003;20260506;2.7;1;;5.01
0000001537;PD170-003;20260507;3.8;1;;6.86
0000001538;PD170-003;20260511;5.2;1;;4.91
0000001539;PD170-003;20260513;4.6;1;;4.92
0000001540;PD170-003;20260516;4.8;2;;4.32
0000001541;PD170-003;20260519;4.9;1;;7.27
0000001542;PD170-003;20260523;2.5;1;;5.18
0000001543;PD170-003;20260526;4.7;1;;6.60
0000001544;PD170-003;20260530;4.2;1;;7.04
0000001545;PD170-003;20260601;5.1;1;;7.39
0000001546;PD170-003;20260605;4.2;1;;6.07
0000001547;PD170-003;20260606;4.5;2;;7.04
0000001548;PD170-003;20260608;5.2;1;;5.26
0000001549;PD170-003;20260609;5.1;1;;4.63
0000001550;PD170-003;20260611;3.4;1;;4.68
0000001551;PD170-003;20260614;2.5;1;;7.83
0000001552;PD170-003;20260615;2.8;1;;7.14
0000001553;PD170-003;20260617;3.4;2;;8.06
0000001554;PD170-003;20260618;4.0;1;;6.13
0000001555;PD170-003;20260621;3.4;1;;4.57
0000001556;PD170-003;20260624;2.7;1;;6.11
0000001557;PD170-003;20260627;4.9;1;;5.18
0000001558;PD170-003;20260628;2.5;1;;6.65
0000001559;PD170-003;20260702;3.6;1;;4.49
0000001560;PD170-003;20260703;4.6;1;;7.30
0000001561;PD170-003;20260706;2.8;1;;7.88
0000001562;PD170-003;20260709;4.0;1;;7.36
0000001563;PD170-003;20260712;2.7;1;;6.40
0000001564;PD170-003;20260714;4.4;1;;7.07
0000001565;PD170-003;20260717;2.8;1;;4.73
0000001566;PD170-003;20260721;3.1;1;;6.82
0000001567;PD170-003;20260722;4.8;2;;7.69
0000001568;PD170-003;20260726;3.1;1;;6.35
0000001569;PD170-003;20260729;4.0;1;;4.60
0000001570;PD170-003;20260731;5.1;1;;7.14
0000001571;PD170-003;20260801;2.4;1;;6.65
0000001572;PD170-003;20260802;3.5;1;;7.22
0000001573;PD170-003;20260803;2.8;2;;6.50
0000001574;PD170-004;20240917;3.7;1;;1.06
0000001575;PD170-004;20240921;3.0;1;;2.00
0000001576;PD170-004;20240923;5.1;1;;1.67
0000001577;PD170-004;20240927;3.1;1;;1.29
0000001578;PD170-004;20240928;6.0;1;;1.13
0000001579;PD170-004;20240929;3.8;1;;1.83
0000001580;PD170-004;20241003;5.6;1;;1.51
0000001581;PD170-004;20241005;3.2;1;;1.55
0000001582;PD170-004;20241007;6.0;1;;1.85
0000001583;PD170-004;20241008;4.8;1;;1.16
0000001584;PD170-004;20241012;5.3;1;;1.62
0000001585;PD170-004;20241015;6.8;1;;1.12
0000001586;PD170-004;20241017;3.3;1;;1.52
0000001587;PD170-004;20241021;6.1;1;;1.65
0000001588;PD170-004;20241024;3.9;1;;1.73
0000001589;PD170-004;20241025;3.6;1;;1.32
0000001590;PD170-004;20241028;5.8;1;;1.77
0000001591;PD170-004;20241031;5.9;1;;1.46
0000001592;PD170-004;20241102;3.1;1;;1.50
0000001593;PD170-004;20241106;5.7;1;;1.35
0000001594;PD170-004;20241107;4.1;1;;1.33
0000001595;PD170-004;20241109;4.7;1;;1.92
0000001596;PD170-004;20241111;5.7;1;;1.82
0000001597;PD170-004;20241112;3.9;1;;2.18
0000001598;PD170-004;20241114;5.1;1;;1.94
0000001599;PD170-004;20241115;4.1;1;;1.75
0000001600;PD170-004;20241116;4.0;2;;2.08
0000001601;PD170-004;20241117;5.5;1;;1.74
0000001602;PD170-004;20241121;3.8;1;;1.39
0000001603;PD170-004;20241124;6.7;1;;1.53
0000001604;PD170-004;20241127;4.2;1;;1.74
0000001605;PD170-004;20241201;6.4;1;;1.36
0000001606;PD170-004;20241203;5.1;1;;1.34
0000001607;PD170-004;20241205;3.7;1;;1.35
0000001608;PD170-004;20241209;3.3;1;;2.02
0000001609;PD170-004;20241212;3.0;1;;1.87
0000001610;PD170-004;20241215;6.0;1;;1.77
0000001611;PD170-004;20241217;3.6;1;;1.33
0000001612;PD170-004;20241218;6.8;1;;1.41
0000001613;PD170-004;20241221;6.6;1;;2.31
0000001614;PD170-004;20241224;5.2;1;;2.12
0000001615;PD170-004;20241227;5.1;1;;1.34
0000001616;PD170-004;20241228;4.7;1;;2.22
0000001617;PD170-004;20241230;5.0;1;;1.31
0000001618;PD170-004;20250103;4.0;2;;1.75
0000001619;PD170-004;20250104;3.4;1;;1.81
0000001620;PD170-004;20250108;4.4;1;;1.57
0000001621;PD170-004;20250112;5.0;1;;1.41
0000001622;PD170-004;20250116;3.1;1;;1.69
0000001623;PD170-004;20250117;5.3;1;;2.32
0000001624;PD170-004;20250119;6.8;1;;2.07
0000001625;PD170-004;20250121;3.8;1;;2.11
0000001626;PD170-004;20250123;3.5;1;;1.97
0000001627;PD170-004;20250127;3.8;1;;2.02
0000001628;PD170-004;20250131;4.6;1;;1.73
0000001629;PD170-004;20250204;3.1;1;;2.22
0000001630;PD170-004;20250208;6.2;1;;1.97
0000001631;PD170-004;20250209;4.3;1;;1.46
0000001632;PD170-004;20250212;3.3;1;;2.24
0000001633;PD170-004;20250214;5.6;1;;2.25
0000001634;PD170-004;20250216;3.9;1;;2.20
0000001635;PD170-004;20250219;4.4;1;;2.26
0000001636;PD170-004;20250221;3.8;1;;1.58
0000001637;PD170-004;20250223;5.4;1;;2.17
0000001638;PD170-004;20250224;5.6;1;;1.29
0000001639;PD170-004;20250227;6.6;1;;1.73
0000001640;PD170-004;20250228;6.2;1;;2.10
0000001641;PD170-004;20250304;6.7;1;;1.33
0000001642;PD170-004;20250307;5.8;1;;2.32
0000001643;PD170-004;20250309;4.9;1;;2.28
0000001644;PD170-004;20250312;5.1;1;;1.52
0000001645;PD170-004;20250316;5.8;1;;1.77
0000001646;PD170-004;20250319;5.7;1;;2.10
0000001647;PD170-004;20250322;6.3;1;;2.18
0000001648;PD170-004;20250326;3.0;1;;1.97
0000001649;PD170-004;20250327;3.5;1;;1.97
0000001650;PD170-004;20250330;5.4;1;;1.88
0000001651;PD170-004;20250401;6.0;1;;2.32
0000001652;PD170-004;20250404;6.0;1;;1.81
0000001653;PD170-004;20250406;5.6;1;;2.41
0000001654;PD170-004;20250407;4.4;1;;2.15
0000001655;PD170-004;20250408;4.6;1;;1.76
0000001656;PD170-004;20250409;4.8;1;;2.22
0000001657;PD170-004;20250413;3.3;1;;1.66
0000001658;PD170-004;20250414;6.7;1;;2.34
0000001659;PD170-004;20250416;4.1;1;;2.25
0000001660;PD170-004;20250418;3.3;1;;2.28
0000001661;PD170-004;20250420;3.2;1;;2.34
0000001662;PD170-004;20250421;5.0;1;;2.29
0000001663;PD170-004;20250422;5.2;1;;1.90
0000001664;PD170-004;20250423;4.6;1;;2.09
0000001665;PD170-004;20250427;3.4;1;;2.53
0000001666;PD170-004;20250429;6.1;2;;1.96
0000001667;PD170-004;20250502;4.9;2;;2.49
0000001668;PD170-004;20250503;4.2;2;;2.19
0000001669;PD170-004;20250507;3.8;1;;1.95
0000001670;PD170-004;20250509;4.7;1;;1.45
0000001671;PD170-004;20250512;6.1;1;;2.53
0000001672;PD170-004;20250514;6.8;2;;1.57
0000001673;PD170-004;20250515;6.0;1;;2.56
0000001674;PD170-004;20250517;4.5;2;;1.55
0000001675;PD170-004;20250519;3.0;2;;2.41
0000001676;PD170-004;20250520;4.3;1;;1.98
0000001677;PD170-004;20250521;5.7;1;;2.29
0000001678;PD170-004;20250524;4.4;1;;1.91
0000001679;PD170-004;20250528;3.6;1;;1.65
0000001680;PD170-004;20250529;4.3;1;;2.96
0000001681;PD170-004;20250602;4.2;1;;1.89
0000001682;PD170-004;20250605;3.9;1;;2.18
0000001683;PD170-004;20250609;4.7;1;;2.08
0000001684;PD170-004;20250611;6.1;1;;2.58
0000001685;PD170-004;20250612;6.6;2;;2.21
0000001686;PD170-004;20250613;6.8;1;;1.73
0000001687;PD170-004;20250616;6.7;1;;2.05
0000001688;PD170-004;20250620;3.2;1;;2.24
0000001689;PD170-004;20250624;6.2;1;;1.87
0000001690;PD170-004;20250628;5.4;1;;1.96
0000001691;PD170-004;20250630;3.4;1;;2.51
0000001692;PD170-004;20250701;6.3;1;;1.79
0000001693;PD170-004;20250704;5.5;2;;2.53
0000001694;PD170-004;20250705;3.6;2;;2.62
0000001695;PD170-004;20250709;5.5;2;;2.56
0000001696;PD170-004;20250710;6.1;2;;2.44
0000001697;PD170-004;20250713;6.5;1;;1.75
0000001698;PD170-004;20250716;5.9;1;;2.73
0000001699;PD170-004;20250720;5.1;1;;2.74
0000001700;PD170-004;20250723;4.4;1;;2.84
0000001701;PD170-004;20250727;6.3;1;;2.37
0000001702;PD170-004;20250728;3.8;1;;2.05
0000001703;PD170-004;20250730;3.2;1;;2.50
0000001704;PD170-004;20250731;5.3;2;;2.43
0000001705;PD170-004;20250803;3.7;1;;2.75
0000001706;PD170-004;20250805;4.8;1;;2.35
0000001707;PD170-004;20250809;3.3;1;;2.29
0000001708;PD170-004;20250813;5.7;1;;2.89
0000001709;PD170-004;20250815;3.1;1;;1.82
0000001710;PD170-004;20250816;4.4;1;;2.19
0000001711;PD170-004;20250818;5.2;1;;2.51
0000001712;PD170-004;20250819;5.0;1;;2.48
0000001713;PD170-004;20250823;5.5;2;;2.88
0000001714;PD170-004;20250824;6.4;1;;2.82
0000001715;PD170-004;20250827;5.5;1;;2.19
0000001716;PD170-004;20250829;4.5;1;;3.10
0000001717;PD170-004;20250830;6.3;1;;2.13
0000001718;PD170-004;20250903;5.5;1;;2.79
0000001719;PD170-004;20250906;6.4;1;;3.11
0000001720;PD170-004;20250910;4.0;1;;2.81
0000001721;PD170-004;20250912;4.2;1;;2.40
0000001722;PD170-004;20250914;4.8;1;;2.94
0000001723;PD170-004;20250917;5.3;1;;2.35
0000001724;PD170-004;20250921;4.6;1;;2.72
0000001725;PD170-004;20250924;5.5;1;;3.06
0000001726;PD170-004;20250927;6.6;1;;2.92
0000001727;PD170-004;20250929;4.0;1;;2.49
0000001728;PD170-004;20251003;6.6;1;;3.04
0000001729;PD170-004;20251004;5.6;1;;3.24
0000001730;PD170-004;20251005;3.9;1;;2.38
0000001731;PD170-004;20251007;5.4;1;;2.28
0000001732;PD170-004;20251011;5.2;1;;2.68
0000001733;PD170-004;20251014;4.2;1;;2.48
0000001734;PD170-004;20251015;6.7;1;;2.09
0000001735;PD170-004;20251018;3.7;1;;2.12
0000001736;PD170-004;20251021;5.2;1;;2.47
0000001737;PD170-004;20251023;5.7;1;;3.41
0000001738;PD170-004;20251025;3.7;1;;1.99
0000001739;PD170-004;20251026;3.1;2;;1.83
0000001740;PD170-004;20251029;3.5;1;;2.44
0000001741;PD170-004;20251030;6.8;1;;2.00
0000001742;PD170-004;20251101;6.0;1;;3.44
0000001743;PD170-004;20251104;4.7;1;;3.06
0000001744;PD170-004;20251107;4.6;1;;2.50
0000001745;PD170-004;20251111;3.6;1;;2.72
0000001746;PD170-004;20251115;4.3;1;;2.48
0000001747;PD170-004;20251118;4.0;1;;3.14
0000001748;PD170-004;20251120;6.8;1;;2.37
0000001749;PD170-004;20251123;5.8;1;;2.76
0000001750;PD170-004;20251124;4.6;1;;2.71
0000001751;PD170-004;20251125;4.8;1;;3.10
0000001752;PD170-004;20251127;4.4;1;;2.61
0000001753;PD170-004;20251129;3.9;2;;2.39
0000001754;PD170-004;20251130;5.1;1;;2.12
0000001755;PD170-004;20251202;6.1;1;;3.22
0000001756;PD170-004;20251203;6.1;1;;3.00
0000001757;PD170-004;20251207;6.6;1;;2.79
0000001758;PD170-004;20251209;3.1;2;;2.58
0000001759;PD170-004;20251210;5.6;1;;2.01
0000001760;PD170-004;20251211;3.0;2;;2.55
0000001761;PD170-004;20251215;5.2;2;;2.21
0000001762;PD170-004;20251217;4.2;1;;3.23
0000001763;PD170-004;20251219;3.4;1;;3.39
0000001764;PD170-004;20251222;3.7;1;;2.88
0000001765;PD170-004;20251224;6.7;1;;3.19
0000001766;PD170-004;20251228;3.6;1;;2.43
0000001767;PD170-004;20251231;3.3;1;;2.05
0000001768;PD170-004;20260104;6.2;1;;2.87
0000001769;PD170-004;20260105;6.4;2;;2.81
0000001770;PD170-004;20260108;4.7;1;;3.21
0000001771;PD170-004;20260112;4.7;1;;2.51
0000001772;PD170-004;20260113;4.2;1;;2.80
0000001773;PD170-004;20260115;3.2;1;;3.50
0000001774;PD170-004;20260118;3.0;1;;2.82
0000001775;PD170-004;20260121;5.5;1;;2.55
0000001776;PD170-004;20260123;4.5;1;;2.50
0000001777;PD170-004;20260124;5.6;1;;3.41
0000001778;PD170-004;20260128;3.6;1;;2.12
0000001779;PD170-004;20260131;6.2;2;;2.98
0000001780;PD170-004;20260204;4.8;1;;3.34
0000001781;PD170-004;20260208;3.5;1;;3.36
0000001782;PD170-004;20260210;3.7;1;;2.88
0000001783;PD170-004;20260214;5.3;1;;2.80
0000001784;PD170-004;20260216;4.7;1;;3.77
0000001785;PD170-004;20260217;5.2;1;;3.45
0000001786;PD170-004;20260220;3.6;2;;3.06
0000001787;PD170-004;20260222;3.5;2;;2.35
0000001788;PD170-004;20260223;5.7;1;;3.14
0000001789;PD170-004;20260226;5.2;1;;2.51
0000001790;PD170-004;20260228;5.2;2;;3.01
0000001791;PD170-004;20260302;5.7;2;;3.01
0000001792;PD170-004;20260303;5.7;1;;2.45
0000001793;PD170-004;20260307;5.5;1;;2.42
0000001794;PD170-004;20260311;3.7;1;;3.60
0000001795;PD170-004;20260314;3.2;1;;2.70
0000001796;PD170-004;20260316;3.2;1;;2.65
0000001797;PD170-004;20260318;3.6;1;;3.14
0000001798;PD170-004;20260320;4.9;1;;3.68
0000001799;PD170-004;20260321;5.0;1;;2.40
0000001800;PD170-004;20260325;5.3;1;;2.66
0000001801;PD170-004;20260329;5.9;1;;3.44
0000001802;PD170-004;20260331;3.8;1;;3.61
0000001803;PD170-004;20260403;5.9;1;;2.41
0000001804;PD170-004;20260405;6.6;1;;2.20
0000001805;PD170-004;20260406;3.5;1;;2.74
0000001806;PD170-004;20260409;5.5;1;;3.08
0000001807;PD170-004;20260410;3.4;2;;3.45
0000001808;PD170-004;20260413;5.1;1;;3.87
0000001809;PD170-004;20260414;4.8;1;;3.42
0000001810;PD170-004;20260415;3.3;1;;3.46
0000001811;PD170-004;20260418;6.6;2;;3.10
0000001812;PD170-004;20260421;6.8;1;;3.34
0000001813;PD170-004;20260422;4.9;1;;2.59
0000001814;PD170-004;20260424;3.3;1;;2.63
0000001815;PD170-004;20260425;6.6;1;;3.35
0000001816;PD170-004;20260427;4.4;1;;3.64
0000001817;PD170-004;20260430;6.5;1;;2.53
0000001818;PD170-004;20260501;3.5;1;;3.94
0000001819;PD170-004;20260505;3.8;1;;3.03
0000001820;PD170-004;20260507;5.8;1;;2.09
0000001821;PD170-004;20260510;6.8;1;;3.09
0000001822;PD170-004;20260514;6.6;1;;3.10
0000001823;PD170-004;20260518;3.2;1;;3.24
0000001824;PD170-004;20260522;5.0;1;;2.94
0000001825;PD170-004;20260525;4.0;1;;2.96
0000001826;PD170-004;20260526;5.8;2;;3.99
0000001827;PD170-004;20260530;6.9;1;;3.60
0000001828;PD170-004;20260602;4.9;1;;3.97
0000001829;PD170-004;20260605;3.1;1;;2.62
0000001830;PD170-004;20260609;4.5;2;;2.52
0000001831;PD170-004;20260610;6.3;2;;2.47
0000001832;PD170-004;20260614;4.9;2;;3.38
0000001833;PD170-004;20260616;3.8;1;;3.14
0000001834;PD170-004;20260619;3.5;2;;2.89
0000001835;PD170-004;20260623;4.2;1;;3.38
0000001836;PD170-004;20260627;5.2;1;;2.56
0000001837;PD170-004;20260628;6.7;1;;3.53
0000001838;PD170-004;20260701;4.6;1;;3.16
0000001839;PD170-004;20260705;3.1;1;;3.54
0000001840;PD170-004;20260709;5.9;1;;2.99
0000001841;PD170-004;20260712;6.8;2;;3.73
0000001842;PD170-004;20260714;5.6;2;;3.45
0000001843;PD170-004;20260717;3.4;1;;3.21
0000001844;PD170-004;20260718;6.2;1;;4.08
0000001845;PD170-004;20260722;3.4;1;;3.46
0000001846;PD170-004;20260725;3.9;1;;2.20
0000001847;PD170-004;20260728;5.9;1;;2.96
0000001848;PD170-004;20260801;4.9;1;;3.89
0000001849;PD170-005;20240805;5.3;1;;2.51
0000001850;PD170-005;20240807;10.2;2;;1.94
0000001851;PD170-005;20240808;8.0;1;;2.75
0000001852;PD170-005;20240810;8.3;1;;2.55
0000001853;PD170-005;20240811;10.1;1;;2.93
0000001854;PD170-005;20240812;5.1;1;;2.02
0000001855;PD170-005;20240813;9.9;1;;3.10
0000001856;PD170-005;20240815;9.3;1;;2.94
0000001857;PD170-005;20240816;9.7;1;;3.33
0000001858;PD170-005;20240817;9.1;1;;2.62
0000001859;PD170-005;20240818;6.4;1;;2.68
0000001860;PD170-005;20240819;8.0;1;;2.23
0000001861;PD170-005;20240821;8.6;1;;2.34
0000001862;PD170-005;20240823;10.3;1;;2.47
0000001863;PD170-005;20240824;4.6;1;;2.46
0000001864;PD170-005;20240825;9.5;1;;2.54
0000001865;PD170-005;20240827;7.3;1;;2.53
0000001866;PD170-005;20240829;7.2;1;;1.87
0000001867;PD170-005;20240830;7.4;2;;2.01
0000001868;PD170-005;20240901;8.7;1;;3.10
0000001869;PD170-005;20240902;6.8;2;;3.06
0000001870;PD170-005;20240903;7.5;1;;2.57
0000001871;PD170-005;20240905;7.2;1;;2.63
0000001872;PD170-005;20240907;9.5;1;;2.18
0000001873;PD170-005;20240908;7.3;1;;2.98
0000001874;PD170-005;20240909;4.6;1;;1.89
0000001875;PD170-005;20240911;9.8;1;;3.30
0000001876;PD170-005;20240913;7.7;2;;2.14
0000001877;PD170-005;20240914;5.7;1;;3.12
0000001878;PD170-005;20240916;4.5;1;;2.70
0000001879;PD170-005;20240917;9.8;2;;3.06
0000001880;PD170-005;20240918;6.7;1;;2.26
0000001881;PD170-005;20240920;6.0;1;;2.65
0000001882;PD170-005;20240922;10.1;2;;2.24
0000001883;PD170-005;20240923;5.2;2;;2.35
0000001884;PD170-005;20240925;4.8;1;;2.67
0000001885;PD170-005;20240927;6.2;1;;2.73
0000001886;PD170-005;20240928;4.6;1;;2.73
0000001887;PD170-005;20240930;6.9;1;;2.62
0000001888;PD170-005;20241002;5.4;1;;2.81
0000001889;PD170-005;20241004;6.8;1;;2.12
0000001890;PD170-005;20241006;8.5;1;;2.70
0000001891;PD170-005;20241007;10.1;1;;2.68
0000001892;PD170-005;20241008;6.7;1;;2.88
0000001893;PD170-005;20241009;9.9;1;;3.15
0000001894;PD170-005;20241011;4.5;2;;3.16
0000001895;PD170-005;20241012;4.5;1;;2.63
0000001896;PD170-005;20241013;6.7;1;;2.72
0000001897;PD170-005;20241015;8.8;1;;2.84
0000001898;PD170-005;20241017;8.2;1;;2.91
0000001899;PD170-005;20241018;6.4;1;;3.38
0000001900;PD170-005;20241020;5.7;1;;3.51
0000001901;PD170-005;20241022;5.9;1;;2.90
0000001902;PD170-005;20241023;4.5;1;;2.50
0000001903;PD170-005;20241024;6.8;1;;2.81
0000001904;PD170-005;20241025;8.3;1;;3.57
0000001905;PD170-005;20241026;6.4;1;;2.45
0000001906;PD170-005;20241028;7.5;1;;2.52
0000001907;PD170-005;20241030;8.0;1;;2.85
0000001908;PD170-005;20241101;5.4;1;;3.26
0000001909;PD170-005;20241102;8.1;2;;2.62
0000001910;PD170-005;20241103;6.9;1;;2.46
0000001911;PD170-005;20241104;4.6;1;;2.94
0000001912;PD170-005;20241105;5.8;1;;2.47
0000001913;PD170-005;20241106;5.1;1;;2.52
0000001914;PD170-005;20241108;9.0;1;;2.63
0000001915;PD170-005;20241109;5.5;1;;3.11
0000001916;PD170-005;20241111;4.6;1;;3.37
0000001917;PD170-005;20241113;6.1;1;;2.72
0000001918;PD170-005;20241114;9.8;1;;3.20
0000001919;PD170-005;20241116;8.8;2;;2.82
0000001920;PD170-005;20241118;7.4;1;;2.93
0000001921;PD170-005;20241119;9.2;1;;2.86
0000001922;PD170-005;20241120;6.4;1;;2.29
0000001923;PD170-005;20241121;8.9;1;;2.70
0000001924;PD170-005;20241123;4.9;1;;2.88
0000001925;PD170-005;20241125;9.2;1;;2.57
0000001926;PD170-005;20241126;6.2;1;;2.55
0000001927;PD170-005;20241127;7.2;2;;2.89
0000001928;PD170-005;20241128;7.7;1;;2.76
0000001929;PD170-005;20241130;5.1;1;;2.92
0000001930;PD170-005;20241202;9.9;2;;3.23
0000001931;PD170-005;20241204;7.6;1;;2.84
0000001932;PD170-005;20241205;7.0;2;;2.53
0000001933;PD170-005;20241206;6.9;1;;3.93
0000001934;PD170-005;20241207;6.8;1;;2.14
0000001935;PD170-005;20241209;7.6;1;;2.69
0000001936;PD170-005;20241210;9.8;1;;2.06
0000001937;PD170-005;20241212;9.0;1;;3.08
0000001938;PD170-005;20241214;6.9;1;;2.90
0000001939;PD170-005;20241215;9.0;1;;2.99
0000001940;PD170-005;20241216;5.8;1;;2.50
0000001941;PD170-005;20241217;9.8;1;;3.86
0000001942;PD170-005;20241219;7.8;2;;2.19
0000001943;PD170-005;20241220;6.2;1;;3.11
0000001944;PD170-005;20241221;9.5;1;;2.28
0000001945;PD170-005;20241223;7.1;1;;2.06
0000001946;PD170-005;20241224;5.7;1;;3.10
0000001947;PD170-005;20241225;8.4;1;;4.01
0000001948;PD170-005;20241227;5.4;1;;2.56
0000001949;PD170-005;20241228;7.7;2;;3.19
0000001950;PD170-005;20241229;8.3;1;;2.95
0000001951;PD170-005;20241231;8.5;1;;3.66
0000001952;PD170-005;20250102;8.1;1;;3.94
0000001953;PD170-005;20250103;7.8;1;;2.35
0000001954;PD170-005;20250105;10.0;1;;2.81
0000001955;PD170-005;20250107;9.9;1;;3.54
0000001956;PD170-005;20250108;5.1;1;;3.54
0000001957;PD170-005;20250109;8.7;1;;3.32
0000001958;PD170-005;20250111;8.9;2;;3.42
0000001959;PD170-005;20250113;8.7;1;;3.48
0000001960;PD170-005;20250115;9.6;1;;2.82
0000001961;PD170-005;20250117;7.9;1;;3.52
0000001962;PD170-005;20250119;5.1;1;;3.52
0000001963;PD170-005;20250120;8.2;1;;2.56
0000001964;PD170-005;20250121;6.5;1;;3.07
0000001965;PD170-005;20250123;9.1;1;;2.99
0000001966;PD170-005;20250125;7.8;1;;2.47
0000001967;PD170-005;20250126;4.5;2;;2.76
0000001968;PD170-005;20250128;7.1;1;;3.50
0000001969;PD170-005;20250130;6.8;1;;2.37
0000001970;PD170-005;20250131;6.8;1;;3.19
0000001971;PD170-005;20250202;8.0;1;;3.06
0000001972;PD170-005;20250203;9.7;1;;3.33
0000001973;PD170-005;20250204;9.5;1;;2.69
0000001974;PD170-005;20250206;9.6;2;;3.01
0000001975;PD170-005;20250208;9.2;1;;2.66
0000001976;PD170-005;20250210;10.0;2;;2.95
0000001977;PD170-005;20250212;10.0;1;;2.79
0000001978;PD170-005;20250213;5.1;1;;2.12
0000001979;PD170-005;20250215;7.7;1;;3.84
0000001980;PD170-005;20250217;4.6;1;;3.44
0000001981;PD170-005;20250219;8.6;1;;3.36
0000001982;PD170-005;20250221;4.5;2;;2.85
0000001983;PD170-005;20250222;6.5;1;;3.59
0000001984;PD170-005;20250224;8.6;1;;3.83
0000001985;PD170-005;20250226;9.8;1;;3.29
0000001986;PD170-005;20250228;7.6;1;;3.35
0000001987;PD170-005;20250301;8.2;1;;2.79
0000001988;PD170-005;20250303;9.6;2;;2.90
0000001989;PD170-005;20250304;9.0;1;;2.77
0000001990;PD170-005;20250306;7.6;1;;3.43
0000001991;PD170-005;20250307;8.8;1;;3.30
0000001992;PD170-005;20250308;8.9;1;;2.91
0000001993;PD170-005;20250310;5.8;1;;2.83
0000001994;PD170-005;20250311;6.5;1;;2.72
0000001995;PD170-005;20250313;6.6;1;;2.84
0000001996;PD170-005;20250314;7.8;1;;3.04
0000001997;PD170-005;20250315;10.1;1;;4.07
0000001998;PD170-005;20250316;5.3;1;;3.44
0000001999;PD170-005;20250317;7.3;1;;3.50
0000002000;PD170-005;20250318;5.2;1;;3.77
0000002001;PD170-005;20250320;9.6;1;;3.69
0000002002;PD170-005;20250322;5.1;1;;2.95
0000002003;PD170-005;20250324;9.9;1;;2.85
0000002004;PD170-005;20250326;8.7;1;;3.14
0000002005;PD170-005;20250328;6.0;1;;3.27
0000002006;PD170-005;20250329;7.5;1;;4.06
0000002007;PD170-005;20250330;6.1;1;;3.26
0000002008;PD170-005;20250331;10.2;2;;3.31
0000002009;PD170-005;20250402;4.5;1;;3.33
0000002010;PD170-005;20250404;9.8;1;;3.19
0000002011;PD170-005;20250405;5.9;1;;3.17
0000002012;PD170-005;20250406;6.5;1;;3.29
0000002013;PD170-005;20250407;8.2;1;;3.62
0000002014;PD170-005;20250409;9.5;1;;3.69
0000002015;PD170-005;20250411;7.9;2;;3.70
0000002016;PD170-005;20250413;9.0;1;;3.23
0000002017;PD170-005;20250414;5.4;1;;3.72
0000002018;PD170-005;20250416;8.7;1;;3.68
0000002019;PD170-005;20250417;8.3;2;;3.57
0000002020;PD170-005;20250418;10.0;1;;2.41
0000002021;PD170-005;20250419;6.2;2;;4.26
0000002022;PD170-005;20250420;9.4;1;;2.93
0000002023;PD170-005;20250422;5.2;1;;3.83
0000002024;PD170-005;20250423;6.1;1;;2.49
0000002025;PD170-005;20250425;8.3;1;;3.50
0000002026;PD170-005;20250426;4.5;2;;3.40
0000002027;PD170-005;20250427;5.0;1;;3.45
0000002028;PD170-005;20250428;6.1;1;;3.35
0000002029;PD170-005;20250430;4.7;1;;3.03
0000002030;PD170-005;20250501;4.6;1;;3.89
0000002031;PD170-005;20250503;5.1;1;;3.83
0000002032;PD170-005;20250505;6.2;1;;4.01
0000002033;PD170-005;20250507;5.1;1;;3.17
0000002034;PD170-005;20250509;6.9;1;;3.46
0000002035;PD170-005;20250511;7.3;1;;4.20
0000002036;PD170-005;20250513;8.2;1;;3.35
0000002037;PD170-005;20250514;6.5;1;;4.13
0000002038;PD170-005;20250516;9.7;1;;2.84
0000002039;PD170-005;20250518;8.2;1;;3.42
0000002040;PD170-005;20250520;8.0;1;;3.12
0000002041;PD170-005;20250521;9.6;1;;3.59
0000002042;PD170-005;20250522;6.4;1;;3.89
0000002043;PD170-005;20250524;8.1;2;;3.76
0000002044;PD170-005;20250525;6.9;1;;2.79
0000002045;PD170-005;20250527;7.4;1;;3.87
0000002046;PD170-005;20250529;6.9;1;;2.88
0000002047;PD170-005;20250530;9.3;1;;2.65
0000002048;PD170-005;20250531;8.2;1;;4.27
0000002049;PD170-005;20250602;7.0;1;;2.44
0000002050;PD170-005;20250604;5.5;1;;3.75
0000002051;PD170-005;20250605;6.1;1;;3.44
0000002052;PD170-005;20250606;7.0;1;;3.23
0000002053;PD170-005;20250607;7.7;1;;3.45
0000002054;PD170-005;20250609;6.4;1;;3.89
0000002055;PD170-005;20250611;5.1;1;;3.30
0000002056;PD170-005;20250612;7.4;1;;3.50
0000002057;PD170-005;20250613;10.1;1;;3.88
0000002058;PD170-005;20250615;5.5;1;;4.12
0000002059;PD170-005;20250617;9.1;1;;3.72
0000002060;PD170-005;20250618;7.4;1;;2.45
0000002061;PD170-005;20250620;8.1;1;;2.60
0000002062;PD170-005;20250622;9.9;1;;3.27
0000002063;PD170-005;20250624;10.0;1;;4.08
0000002064;PD170-005;20250626;9.1;1;;4.18
0000002065;PD170-005;20250627;7.5;2;;3.52
0000002066;PD170-005;20250628;9.1;1;;2.69
0000002067;PD170-005;20250629;5.9;1;;3.32
0000002068;PD170-005;20250701;9.7;1;;3.11
0000002069;PD170-005;20250703;8.4;1;;3.44
0000002070;PD170-005;20250705;8.7;1;;2.85
0000002071;PD170-005;20250706;9.2;1;;3.83
0000002072;PD170-005;20250707;8.3;1;;3.29
0000002073;PD170-005;20250708;4.5;1;;3.88
0000002074;PD170-005;20250709;8.1;1;;4.67
0000002075;PD170-005;20250711;10.2;1;;2.75
0000002076;PD170-005;20250713;4.6;1;;2.40
0000002077;PD170-005;20250715;8.9;2;;3.95
0000002078;PD170-005;20250717;7.3;1;;3.04
0000002079;PD170-005;20250719;8.5;1;;2.56
0000002080;PD170-005;20250721;6.9;2;;3.40
0000002081;PD170-005;20250722;9.6;1;;4.28
0000002082;PD170-005;20250723;4.6;1;;3.88
0000002083;PD170-005;20250724;7.4;1;;3.07
0000002084;PD170-005;20250725;6.6;1;;3.40
0000002085;PD170-005;20250726;4.5;1;;4.43
0000002086;PD170-005;20250728;6.8;1;;4.53
0000002087;PD170-005;20250729;6.9;1;;3.86
0000002088;PD170-005;20250730;6.2;1;;3.68
0000002089;PD170-005;20250801;6.6;1;;4.13
0000002090;PD170-005;20250802;4.5;1;;3.66
0000002091;PD170-005;20250803;6.5;1;;4.26
0000002092;PD170-005;20250804;7.8;1;;3.53
0000002093;PD170-005;20250806;8.7;1;;4.20
0000002094;PD170-005;20250807;5.6;1;;3.71
0000002095;PD170-005;20250809;9.8;2;;3.82
0000002096;PD170-005;20250810;7.9;1;;3.59
0000002097;PD170-005;20250811;5.2;1;;2.82
0000002098;PD170-005;20250812;8.6;1;;3.35
0000002099;PD170-005;20250814;8.7;1;;4.18
0000002100;PD170-005;20250816;4.8;1;;3.48
0000002101;PD170-005;20250817;5.0;1;;3.48
0000002102;PD170-005;20250818;7.1;1;;3.88
0000002103;PD170-005;20250820;7.6;1;;4.32
0000002104;PD170-005;20250821;7.2;1;;4.66
0000002105;PD170-005;20250823;8.2;2;;3.50
0000002106;PD170-005;20250824;5.4;1;;4.11
0000002107;PD170-005;20250825;10.0;1;;4.35
0000002108;PD170-005;20250827;10.1;1;;3.13
0000002109;PD170-005;20250829;6.6;1;;3.62
0000002110;PD170-005;20250830;4.7;1;;3.36
0000002111;PD170-005;20250831;6.4;2;;3.35
0000002112;PD170-005;20250901;8.9;1;;3.22
0000002113;PD170-005;20250902;7.5;1;;3.93
0000002114;PD170-005;20250904;7.5;1;;3.87
0000002115;PD170-005;20250906;7.7;2;;3.44
0000002116;PD170-005;20250908;5.9;1;;2.59
0000002117;PD170-005;20250910;4.8;1;;2.81
0000002118;PD170-005;20250911;10.0;1;;3.25
0000002119;PD170-005;20250913;4.7;1;;3.75
0000002120;PD170-005;20250914;5.0;1;;2.97
0000002121;PD170-005;20250916;7.4;1;;4.46
0000002122;PD170-005;20250917;6.4;1;;3.42
0000002123;PD170-005;20250919;7.6;2;;2.79
0000002124;PD170-005;20250920;8.8;1;;3.64
0000002125;PD170-005;20250922;10.2;1;;3.93
0000002126;PD170-005;20250924;8.6;1;;2.61
0000002127;PD170-005;20250925;7.2;1;;3.69
0000002128;PD170-005;20250927;6.3;1;;4.44
0000002129;PD170-005;20250928;5.2;1;;3.91
0000002130;PD170-005;20250930;6.0;1;;3.97
0000002131;PD170-005;20251001;5.6;1;;4.31
0000002132;PD170-005;20251002;6.0;2;;3.24
0000002133;PD170-005;20251003;9.8;1;;4.11
0000002134;PD170-005;20251005;5.4;2;;3.99
0000002135;PD170-005;20251007;9.3;1;;4.09
0000002136;PD170-005;20251009;10.2;1;;3.77
0000002137;PD170-005;20251011;5.3;1;;3.75
0000002138;PD170-005;20251013;4.6;1;;4.00
0000002139;PD170-005;20251015;5.4;1;;3.32
0000002140;PD170-005;20251016;7.7;2;;4.45
0000002141;PD170-005;20251018;8.6;1;;4.85
0000002142;PD170-005;20251019;10.2;1;;4.10
0000002143;PD170-005;20251021;8.6;1;;2.86
0000002144;PD170-005;20251023;8.8;1;;5.15
0000002145;PD170-005;20251024;6.7;1;;3.55
0000002146;PD170-005;20251025;4.6;2;;4.20
0000002147;PD170-005;20251027;6.7;1;;2.99
0000002148;PD170-005;20251029;6.2;1;;4.71
0000002149;PD170-005;20251031;7.9;1;;3.99
0000002150;PD170-005;20251101;8.9;1;;4.49
0000002151;PD170-005;20251102;5.1;1;;4.77
0000002152;PD170-005;20251104;5.5;1;;4.57
0000002153;PD170-005;20251105;8.8;1;;4.99
0000002154;PD170-005;20251107;7.9;1;;4.56
0000002155;PD170-005;20251109;5.3;1;;3.58
0000002156;PD170-005;20251111;10.1;1;;3.54
0000002157;PD170-005;20251113;6.9;2;;3.38
0000002158;PD170-005;20251115;10.1;1;;3.41
0000002159;PD170-005;20251117;6.1;1;;3.77
0000002160;PD170-005;20251118;6.3;1;;3.41
0000002161;PD170-005;20251119;10.0;1;;3.64
0000002162;PD170-005;20251121;5.9;2;;3.46
0000002163;PD170-005;20251123;6.5;2;;3.47
0000002164;PD170-005;20251124;7.4;1;;2.89
0000002165;PD170-005;20251126;7.6;1;;3.48
0000002166;PD170-005;20251127;7.4;2;;3.39
0000002167;PD170-005;20251128;7.2;1;;4.59
0000002168;PD170-005;20251130;5.5;1;;3.86
0000002169;PD170-005;20251201;5.3;1;;3.09
0000002170;PD170-005;20251202;6.0;1;;3.95
0000002171;PD170-005;20251203;6.8;1;;4.82
0000002172;PD170-005;20251204;7.2;1;;3.61
0000002173;PD170-005;20251205;4.6;1;;3.16
0000002174;PD170-005;20251206;4.5;1;;3.15
0000002175;PD170-005;20251208;8.1;1;;4.03
0000002176;PD170-005;20251210;6.7;1;;3.46
0000002177;PD170-005;20251211;5.8;1;;2.70
0000002178;PD170-005;20251213;8.0;1;;3.48
0000002179;PD170-005;20251215;6.6;1;;3.32
0000002180;PD170-005;20251216;9.2;1;;2.93
0000002181;PD170-005;20251217;4.6;1;;3.08
0000002182;PD170-005;20251218;7.9;1;;3.87
0000002183;PD170-005;20251220;5.0;1;;4.70
0000002184;PD170-005;20251222;5.5;1;;2.72
0000002185;PD170-005;20251224;4.8;1;;4.04
0000002186;PD170-005;20251226;7.5;2;;4.15
0000002187;PD170-005;20251228;5.1;2;;4.17
0000002188;PD170-005;20251230;6.3;1;;3.64
0000002189;PD170-005;20260101;5.3;1;;3.26
0000002190;PD170-005;20260102;7.9;1;;4.93
0000002191;PD170-005;20260104;9.2;1;;4.85
0000002192;PD170-005;20260106;10.2;1;;3.83
0000002193;PD170-005;20260108;4.7;1;;4.66
0000002194;PD170-005;20260109;6.0;1;;4.28
0000002195;PD170-005;20260110;7.2;1;;3.31
0000002196;PD170-005;20260111;10.3;1;;4.27
0000002197;PD170-005;20260113;4.9;1;;4.00
0000002198;PD170-005;20260115;5.2;1;;4.29
0000002199;PD170-005;20260116;8.3;1;;5.17
0000002200;PD170-005;20260117;7.8;2;;5.27
0000002201;PD170-005;20260118;8.6;1;;3.65
0000002202;PD170-005;20260120;8.9;1;;4.96
0000002203;PD170-005;20260121;4.5;1;;4.31
0000002204;PD170-005;20260123;5.2;1;;4.11
0000002205;PD170-005;20260125;5.7;1;;3.64
0000002206;PD170-005;20260126;9.0;1;;3.16
0000002207;PD170-005;20260127;8.8;2;;3.44
0000002208;PD170-005;20260129;8.3;2;;3.76
0000002209;PD170-005;20260131;8.1;2;;5.01
0000002210;PD170-005;20260201;9.9;1;;4.17
0000002211;PD170-005;20260203;5.5;1;;4.41
0000002212;PD170-005;20260204;9.7;2;;5.52
0000002213;PD170-005;20260206;7.9;1;;4.40
0000002214;PD170-005;20260208;5.5;1;;3.47
0000002215;PD170-005;20260210;8.7;1;;5.40
0000002216;PD170-005;20260211;7.4;1;;4.52
0000002217;PD170-005;20260213;7.5;1;;4.14
0000002218;PD170-005;20260215;8.6;1;;3.14
0000002219;PD170-005;20260217;7.7;1;;5.32
0000002220;PD170-005;20260219;10.3;1;;4.35
0000002221;PD170-005;20260221;8.6;2;;3.91
0000002222;PD170-005;20260222;6.0;1;;4.36
0000002223;PD170-005;20260224;9.0;1;;3.65
0000002224;PD170-005;20260225;9.6;2;;5.19
0000002225;PD170-005;20260226;8.5;1;;3.62
0000002226;PD170-005;20260228;7.2;1;;3.90
0000002227;PD170-005;20260301;7.0;2;;4.40
0000002228;PD170-005;20260303;9.0;1;;3.42
0000002229;PD170-005;20260305;8.0;1;;4.76
0000002230;PD170-005;20260307;6.7;2;;4.74
0000002231;PD170-005;20260308;6.3;1;;3.74
0000002232;PD170-005;20260310;6.9;2;;3.69
0000002233;PD170-005;20260311;8.9;2;;4.33
0000002234;PD170-005;20260312;5.9;1;;4.61
0000002235;PD170-005;20260314;9.9;1;;3.61
0000002236;PD170-005;20260316;6.2;2;;3.97
0000002237;PD170-005;20260317;8.9;1;;4.69
0000002238;PD170-005;20260318;9.8;1;;4.95
0000002239;PD170-005;20260320;7.9;1;;3.57
0000002240;PD170-005;20260322;7.9;1;;3.92
0000002241;PD170-005;20260324;9.4;1;;4.28
0000002242;PD170-005;20260326;7.4;1;;5.09
0000002243;PD170-005;20260328;8.4;1;;3.85
0000002244;PD170-005;20260329;8.1;1;;2.68
0000002245;PD170-005;20260330;5.0;1;;4.66
0000002246;PD170-005;20260331;10.0;2;;3.81
0000002247;PD170-005;20260402;8.3;1;;3.25
0000002248;PD170-005;20260403;7.1;1;;3.92
0000002249;PD170-005;20260404;5.9;1;;4.89
0000002250;PD170-005;20260405;9.4;1;;4.07
0000002251;PD170-005;20260407;9.0;1;;4.26
0000002252;PD170-005;20260408;7.6;2;;4.83
0000002253;PD170-005;20260410;7.5;1;;4.59
0000002254;PD170-005;20260411;7.0;1;;4.72
0000002255;PD170-005;20260412;7.9;1;;5.14
0000002256;PD170-005;20260414;9.4;1;;4.82
0000002257;PD170-005;20260416;9.1;1;;3.83
0000002258;PD170-005;20260418;9.0;1;;4.58
0000002259;PD170-005;20260419;5.2;1;;5.63
0000002260;PD170-005;20260421;8.3;2;;4.36
0000002261;PD170-005;20260422;5.4;1;;5.43
0000002262;PD170-005;20260424;6.3;1;;5.36
0000002263;PD170-005;20260425;6.7;1;;4.08
0000002264;PD170-005;20260426;7.1;2;;4.11
0000002265;PD170-005;20260427;10.2;1;;3.74
0000002266;PD170-005;20260428;8.3;1;;3.57
0000002267;PD170-005;20260430;7.5;2;;4.34
0000002268;PD170-005;20260501;10.1;2;;3.64
0000002269;PD170-005;20260502;7.5;1;;3.51
0000002270;PD170-005;20260504;7.0;1;;5.00
0000002271;PD170-005;20260505;8.2;1;;4.29
0000002272;PD170-005;20260506;7.7;1;;3.19
0000002273;PD170-005;20260507;9.9;1;;3.11
0000002274;PD170-005;20260509;4.9;1;;3.85
0000002275;PD170-005;20260510;5.6;1;;5.08
0000002276;PD170-005;20260512;5.3;1;;4.84
0000002277;PD170-005;20260513;10.2;1;;5.21
0000002278;PD170-005;20260515;4.5;2;;3.60
0000002279;PD170-005;20260516;6.3;1;;4.83
0000002280;PD170-005;20260518;8.2;1;;3.54
0000002281;PD170-005;20260520;9.0;1;;4.75
0000002282;PD170-005;20260521;4.5;1;;4.95
0000002283;PD170-005;20260523;7.4;2;;3.73
0000002284;PD170-005;20260525;9.9;1;;3.82
0000002285;PD170-005;20260527;7.8;1;;4.43
0000002286;PD170-005;20260528;6.6;1;;3.67
0000002287;PD170-005;20260530;6.4;1;;3.82
0000002288;PD170-005;20260601;7.2;1;;5.20
0000002289;PD170-005;20260602;10.0;1;;3.47
0000002290;PD170-005;20260603;8.0;1;;4.77
0000002291;PD170-005;20260605;8.5;1;;3.90
0000002292;PD170-005;20260606;7.5;1;;4.24
0000002293;PD170-005;20260608;7.8;1;;4.24
0000002294;PD170-005;20260610;5.2;1;;4.99
0000002295;PD170-005;20260612;6.4;2;;3.64
0000002296;PD170-005;20260613;9.2;1;;3.70
0000002297;PD170-005;20260615;8.7;1;;4.19
0000002298;PD170-005;20260616;9.7;1;;5.34
0000002299;PD170-005;20260617;7.1;1;;3.59
0000002300;PD170-005;20260619;8.1;1;;4.68
0000002301;PD170-005;20260620;10.2;1;;4.01
0000002302;PD170-005;20260621;10.0;1;;3.49
0000002303;PD170-005;20260622;5.0;1;;5.40
0000002304;PD170-005;20260623;7.1;1;;5.04
0000002305;PD170-005;20260625;10.1;1;;4.91
0000002306;PD170-005;20260627;5.4;1;;5.23
0000002307;PD170-005;20260629;10.2;1;;4.49
0000002308;PD170-005;20260701;6.7;2;;4.37
0000002309;PD170-005;20260702;8.1;1;;4.93
0000002310;PD170-005;20260704;7.3;1;;4.22
0000002311;PD170-005;20260705;4.9;2;;5.78
0000002312;PD170-005;20260707;6.5;1;;4.72
0000002313;PD170-005;20260708;4.9;2;;4.33
0000002314;PD170-005;20260710;8.8;1;;4.23
0000002315;PD170-005;20260711;4.7;1;;4.96
0000002316;PD170-005;20260713;6.3;1;;5.03
0000002317;PD170-005;20260715;10.3;1;;5.78
0000002318;PD170-005;20260717;5.8;2;;3.27
0000002319;PD170-005;20260718;8.3;1;;4.98
0000002320;PD170-005;20260720;7.2;1;;4.93
0000002321;PD170-005;20260721;8.9;1;;4.53
0000002322;PD170-005;20260722;5.9;1;;4.12
0000002323;PD170-005;20260723;10.2;1;;3.65
0000002324;PD170-005;20260724;8.7;1;;4.04
0000002325;PD170-005;20260726;10.1;1;;3.88
0000002326;PD170-005;20260728;7.5;1;;5.92
0000002327;PD170-005;20260730;6.3;1;;5.13
0000002328;PD170-005;20260801;4.9;1;;6.18
0000002329;PD170-005;20260803;9.9;2;;3.81
0000002330;PD170-006;20240805;6.8;1;;1.78
0000002331;PD170-006;20240806;8.4;2;;1.66
0000002332;PD170-006;20240808;9.0;1;;1.27
0000002333;PD170-006;20240809;7.4;2;;1.30
0000002334;PD170-006;20240810;9.4;1;;1.89
0000002335;PD170-006;20240812;6.9;2;;1.89
0000002336;PD170-006;20240814;6.4;1;;1.87
0000002337;PD170-006;20240815;5.5;1;;1.69
0000002338;PD170-006;20240816;5.7;2;;1.40
0000002339;PD170-006;20240817;6.8;1;;2.06
0000002340;PD170-006;20240819;5.1;1;;1.77
0000002341;PD170-006;20240821;6.3;1;;1.85
0000002342;PD170-006;20240823;7.0;1;;1.35
0000002343;PD170-006;20240825;7.9;1;;1.98
0000002344;PD170-006;20240827;7.4;1;;1.46
0000002345;PD170-006;20240828;10.3;1;;1.81
0000002346;PD170-006;20240829;7.5;1;;2.05
0000002347;PD170-006;20240831;7.1;1;;1.86
0000002348;PD170-006;20240901;7.2;1;;2.17
0000002349;PD170-006;20240902;6.5;1;;1.74
0000002350;PD170-006;20240903;7.8;1;;2.15
0000002351;PD170-006;20240904;7.4;1;;1.46
0000002352;PD170-006;20240906;10.2;1;;2.14
0000002353;PD170-006;20240907;10.0;1;;1.89
0000002354;PD170-006;20240908;10.5;1;;1.55
0000002355;PD170-006;20240909;10.6;1;;1.82
0000002356;PD170-006;20240910;10.7;1;;1.81
0000002357;PD170-006;20240911;6.1;2;;2.34
0000002358;PD170-006;20240912;9.5;1;;1.68
0000002359;PD170-006;20240913;7.4;1;;1.37
0000002360;PD170-006;20240914;7.2;1;;1.74
0000002361;PD170-006;20240916;7.1;1;;1.43
0000002362;PD170-006;20240917;8.4;2;;1.89
0000002363;PD170-006;20240918;10.5;2;;1.84
0000002364;PD170-006;20240920;8.8;1;;2.22
0000002365;PD170-006;20240921;10.5;2;;1.46
0000002366;PD170-006;20240923;10.8;1;;2.09
0000002367;PD170-006;20240925;8.9;1;;1.71
0000002368;PD170-006;20240927;7.7;1;;1.71
0000002369;PD170-006;20240928;8.1;1;;1.45
0000002370;PD170-006;20240930;5.5;1;;2.23
0000002371;PD170-006;20241001;8.0;1;;1.52
0000002372;PD170-006;20241002;7.6;1;;2.45
0000002373;PD170-006;20241004;9.9;1;;2.02
0000002374;PD170-006;20241006;8.7;1;;1.39
0000002375;PD170-006;20241007;6.5;1;;1.92
0000002376;PD170-006;20241008;10.2;1;;1.79
0000002377;PD170-006;20241009;8.5;1;;2.29
0000002378;PD170-006;20241011;5.8;1;;1.97
0000002379;PD170-006;20241012;10.7;1;;1.34
0000002380;PD170-006;20241014;4.8;1;;2.31
0000002381;PD170-006;20241016;10.0;1;;2.07
0000002382;PD170-006;20241018;4.9;1;;2.06
0000002383;PD170-006;20241020;8.8;1;;2.36
0000002384;PD170-006;20241022;10.6;1;;1.94
0000002385;PD170-006;20241024;9.0;1;;1.37
0000002386;PD170-006;20241026;10.8;2;;2.02
0000002387;PD170-006;20241028;5.9;1;;1.51
0000002388;PD170-006;20241030;9.9;1;;2.10
0000002389;PD170-006;20241031;8.9;2;;2.25
0000002390;PD170-006;20241101;5.1;1;;1.93
0000002391;PD170-006;20241102;8.1;1;;1.36
0000002392;PD170-006;20241104;5.6;1;;2.30
0000002393;PD170-006;20241106;9.1;1;;2.14
0000002394;PD170-006;20241107;8.8;1;;2.34
0000002395;PD170-006;20241108;5.7;1;;2.45
0000002396;PD170-006;20241109;4.9;1;;2.26
0000002397;PD170-006;20241111;8.4;1;;1.54
0000002398;PD170-006;20241112;6.8;2;;1.75
0000002399;PD170-006;20241113;7.2;1;;2.43
0000002400;PD170-006;20241115;8.6;2;;2.06
0000002401;PD170-006;20241117;7.0;1;;1.67
0000002402;PD170-006;20241118;5.8;1;;2.48
0000002403;PD170-006;20241120;9.3;2;;1.91
0000002404;PD170-006;20241122;10.3;1;;1.88
0000002405;PD170-006;20241123;6.6;2;;1.60
0000002406;PD170-006;20241124;6.6;2;;1.48
0000002407;PD170-006;20241125;8.3;1;;2.22
0000002408;PD170-006;20241127;7.1;1;;1.64
0000002409;PD170-006;20241129;8.6;1;;1.85
0000002410;PD170-006;20241201;10.9;1;;2.08
0000002411;PD170-006;20241203;8.4;1;;1.59
0000002412;PD170-006;20241204;6.0;1;;1.70
0000002413;PD170-006;20241205;10.3;1;;1.63
0000002414;PD170-006;20241207;9.0;2;;2.62
0000002415;PD170-006;20241209;9.8;1;;2.26
0000002416;PD170-006;20241211;10.8;2;;2.27
0000002417;PD170-006;20241212;5.6;2;;1.48
0000002418;PD170-006;20241213;9.2;1;;1.67
0000002419;PD170-006;20241214;6.6;1;;2.52
0000002420;PD170-006;20241216;10.5;1;;2.23
0000002421;PD170-006;20241217;6.5;2;;2.27
0000002422;PD170-006;20241218;6.0;1;;1.77
0000002423;PD170-006;20241219;6.8;1;;2.53
0000002424;PD170-006;20241220;10.4;1;;1.88
0000002425;PD170-006;20241222;8.0;1;;1.76
0000002426;PD170-006;20241223;6.8;1;;1.68
0000002427;PD170-006;20241224;8.5;1;;2.25
0000002428;PD170-006;20241225;10.8;1;;2.09
0000002429;PD170-006;20241227;10.1;1;;1.69
0000002430;PD170-006;20241229;5.7;1;;2.46
0000002431;PD170-006;20241231;10.1;1;;1.92
0000002432;PD170-006;20250101;10.5;1;;1.81
0000002433;PD170-006;20250103;9.2;2;;1.64
0000002434;PD170-006;20250105;6.6;1;;1.53
0000002435;PD170-006;20250106;10.2;1;;2.40
0000002436;PD170-006;20250107;6.8;1;;1.71
0000002437;PD170-006;20250108;8.3;1;;1.96
0000002438;PD170-006;20250110;8.7;1;;2.14
0000002439;PD170-006;20250111;10.4;2;;1.59
0000002440;PD170-006;20250113;4.9;1;;2.50
0000002441;PD170-006;20250115;5.8;1;;1.86
0000002442;PD170-006;20250116;9.2;1;;2.46
0000002443;PD170-006;20250117;8.1;1;;2.47
0000002444;PD170-006;20250119;10.1;1;;2.66
0000002445;PD170-006;20250121;10.7;2;;2.67
0000002446;PD170-006;20250122;5.1;1;;1.91
0000002447;PD170-006;20250123;9.7;1;;2.34
0000002448;PD170-006;20250125;5.7;2;;2.25
0000002449;PD170-006;20250127;7.6;1;;2.53
0000002450;PD170-006;20250129;7.8;1;;1.50
0000002451;PD170-006;20250131;10.1;1;;2.14
0000002452;PD170-006;20250201;5.6;1;;1.85
0000002453;PD170-006;20250202;7.4;1;;1.86
0000002454;PD170-006;20250204;6.1;2;;2.37
0000002455;PD170-006;20250206;10.4;1;;1.83
0000002456;PD170-006;20250208;10.1;1;;1.66
0000002457;PD170-006;20250209;9.8;1;;2.24
0000002458;PD170-006;20250210;9.1;1;;2.54
0000002459;PD170-006;20250211;9.2;1;;1.78
0000002460;PD170-006;20250213;7.8;1;;1.91
0000002461;PD170-006;20250215;6.3;1;;1.80
0000002462;PD170-006;20250217;9.6;1;;1.97
0000002463;PD170-006;20250219;5.7;1;;2.48
0000002464;PD170-006;20250221;10.9;1;;1.89
0000002465;PD170-006;20250223;6.3;2;;2.53
0000002466;PD170-006;20250225;10.6;1;;2.69
0000002467;PD170-006;20250226;10.7;2;;2.07
0000002468;PD170-006;20250227;9.2;1;;2.25
0000002469;PD170-006;20250228;9.8;2;;2.39
0000002470;PD170-006;20250302;9.5;2;;2.21
0000002471;PD170-006;20250303;7.8;1;;2.73
0000002472;PD170-006;20250304;9.2;1;;2.11
0000002473;PD170-006;20250306;6.6;2;;2.34
0000002474;PD170-006;20250308;10.4;1;;2.13
0000002475;PD170-006;20250309;9.7;1;;2.58
0000002476;PD170-006;20250311;7.6;1;;2.27
0000002477;PD170-006;20250312;7.1;1;;2.07
0000002478;PD170-006;20250314;10.6;1;;2.28
0000002479;PD170-006;20250315;8.0;1;;2.44
0000002480;PD170-006;20250317;7.8;1;;2.49
0000002481;PD170-006;20250319;10.1;1;;1.65
0000002482;PD170-006;20250321;5.1;1;;1.98
0000002483;PD170-006;20250322;5.2;1;;2.37
0000002484;PD170-006;20250324;7.1;1;;2.77
0000002485;PD170-006;20250325;5.3;1;;2.94
0000002486;PD170-006;20250327;6.8;1;;2.56
0000002487;PD170-006;20250328;5.2;1;;2.76
0000002488;PD170-006;20250329;6.5;1;;2.02
0000002489;PD170-006;20250331;9.3;1;;2.19
0000002490;PD170-006;20250401;7.3;1;;1.70
0000002491;PD170-006;20250403;8.9;1;;2.98
0000002492;PD170-006;20250405;5.4;2;;2.79
0000002493;PD170-006;20250407;7.7;1;;1.89
0000002494;PD170-006;20250409;9.6;1;;2.97
0000002495;PD170-006;20250410;5.3;1;;2.38
0000002496;PD170-006;20250412;7.0;1;;1.75
0000002497;PD170-006;20250413;10.9;1;;2.80
0000002498;PD170-006;20250414;8.0;1;;2.50
0000002499;PD170-006;20250415;5.5;1;;2.46
0000002500;PD170-006;20250416;10.7;1;;1.81
0000002501;PD170-006;20250418;10.6;2;;2.32
0000002502;PD170-006;20250419;7.4;1;;2.80
0000002503;PD170-006;20250421;8.9;1;;2.66
0000002504;PD170-006;20250423;9.2;1;;2.30
0000002505;PD170-006;20250425;9.2;2;;2.46
0000002506;PD170-006;20250427;5.2;2;;1.89
0000002507;PD170-006;20250429;6.5;1;;2.77
0000002508;PD170-006;20250501;6.9;1;;2.62
0000002509;PD170-006;20250503;7.2;1;;2.24
0000002510;PD170-006;20250504;9.8;2;;1.91
0000002511;PD170-006;20250506;10.3;1;;2.55
0000002512;PD170-006;20250508;9.2;1;;2.49
0000002513;PD170-006;20250509;5.6;1;;2.48
0000002514;PD170-006;20250511;9.9;1;;2.94
0000002515;PD170-006;20250513;8.0;1;;1.89
0000002516;PD170-006;20250515;10.4;1;;1.86
0000002517;PD170-006;20250516;5.3;1;;2.04
0000002518;PD170-006;20250518;4.7;1;;2.07
0000002519;PD170-006;20250520;6.6;2;;2.54
0000002520;PD170-006;20250521;8.4;1;;2.81
0000002521;PD170-006;20250523;5.4;1;;2.36
0000002522;PD170-006;20250525;10.1;1;;2.51
0000002523;PD170-006;20250526;9.9;1;;1.92
0000002524;PD170-006;20250528;5.2;1;;2.16
0000002525;PD170-006;20250529;7.4;1;;2.61
0000002526;PD170-006;20250531;8.6;2;;2.03
0000002527;PD170-006;20250602;8.7;1;;3.16
0000002528;PD170-006;20250603;8.8;1;;2.37
0000002529;PD170-006;20250604;5.8;1;;2.63
0000002530;PD170-006;20250605;7.0;1;;2.41
0000002531;PD170-006;20250606;6.7;1;;2.71
0000002532;PD170-006;20250607;9.5;1;;2.93
0000002533;PD170-006;20250609;9.6;1;;1.81
0000002534;PD170-006;20250611;7.2;2;;2.09
0000002535;PD170-006;20250613;7.4;1;;2.90
0000002536;PD170-006;20250614;5.2;1;;3.03
0000002537;PD170-006;20250615;5.1;2;;2.87
0000002538;PD170-006;20250617;8.5;1;;2.98
0000002539;PD170-006;20250618;6.5;1;;2.95
0000002540;PD170-006;20250620;10.4;1;;2.70
0000002541;PD170-006;20250621;5.4;1;;1.83
0000002542;PD170-006;20250622;4.7;1;;2.31
0000002543;PD170-006;20250624;7.7;1;;2.68
0000002544;PD170-006;20250626;5.8;1;;2.23
0000002545;PD170-006;20250627;10.2;1;;1.92
0000002546;PD170-006;20250629;8.3;1;;2.82
0000002547;PD170-006;20250630;4.9;1;;2.83
0000002548;PD170-006;20250701;9.4;1;;2.67
0000002549;PD170-006;20250702;10.1;1;;1.96
0000002550;PD170-006;20250704;9.4;1;;2.79
0000002551;PD170-006;20250706;6.0;1;;2.96
0000002552;PD170-006;20250707;6.4;1;;2.69
0000002553;PD170-006;20250708;7.4;1;;2.99
0000002554;PD170-006;20250710;7.5;1;;2.42
0000002555;PD170-006;20250711;6.4;1;;2.37
0000002556;PD170-006;20250713;6.5;1;;3.38
0000002557;PD170-006;20250715;5.3;1;;2.24
0000002558;PD170-006;20250717;10.1;1;;2.19
0000002559;PD170-006;20250718;5.1;1;;2.92
0000002560;PD170-006;20250720;5.7;1;;2.65
0000002561;PD170-006;20250721;5.4;1;;3.16
0000002562;PD170-006;20250723;8.1;1;;2.49
0000002563;PD170-006;20250724;10.2;1;;2.54
0000002564;PD170-006;20250725;9.7;2;;2.26
0000002565;PD170-006;20250726;8.6;2;;2.73
0000002566;PD170-006;20250727;9.8;1;;2.98
0000002567;PD170-006;20250729;5.3;2;;2.54
0000002568;PD170-006;20250730;8.3;1;;3.01
0000002569;PD170-006;20250801;4.8;1;;2.38
0000002570;PD170-006;20250803;9.8;1;;2.96
0000002571;PD170-006;20250804;7.5;1;;3.02
0000002572;PD170-006;20250805;7.9;1;;3.37
0000002573;PD170-006;20250806;4.9;1;;2.52
0000002574;PD170-006;20250807;7.0;1;;3.36
0000002575;PD170-006;20250808;7.9;1;;2.18
0000002576;PD170-006;20250809;6.1;1;;2.64
0000002577;PD170-006;20250810;8.7;1;;3.18
0000002578;PD170-006;20250811;10.7;1;;3.06
0000002579;PD170-006;20250812;7.8;1;;2.69
0000002580;PD170-006;20250813;7.7;1;;2.84
0000002581;PD170-006;20250815;8.9;1;;3.21
0000002582;PD170-006;20250816;7.4;1;;2.74
0000002583;PD170-006;20250818;9.3;1;;2.30
0000002584;PD170-006;20250820;9.0;1;;3.41
0000002585;PD170-006;20250821;8.6;1;;2.51
0000002586;PD170-006;20250823;9.5;1;;2.52
0000002587;PD170-006;20250824;9.6;1;;3.21
0000002588;PD170-006;20250826;10.0;2;;3.24
0000002589;PD170-006;20250828;7.2;2;;2.65
0000002590;PD170-006;20250829;7.8;1;;2.99
0000002591;PD170-006;20250830;8.6;1;;3.46
0000002592;PD170-006;20250901;6.1;1;;2.14
0000002593;PD170-006;20250903;8.3;1;;3.13
0000002594;PD170-006;20250905;5.1;1;;1.86
0000002595;PD170-006;20250907;6.5;1;;2.10
0000002596;PD170-006;20250909;5.5;1;;3.43
0000002597;PD170-006;20250911;8.8;1;;2.24
0000002598;PD170-006;20250913;9.9;1;;2.87
0000002599;PD170-006;20250915;8.8;1;;3.11
0000002600;PD170-006;20250916;10.6;1;;3.48
0000002601;PD170-006;20250918;4.9;2;;3.28
0000002602;PD170-006;20250920;7.8;1;;2.85
0000002603;PD170-006;20250921;10.3;1;;2.35
0000002604;PD170-006;20250923;6.5;1;;2.52
0000002605;PD170-006;20250924;5.8;1;;3.48
0000002606;PD170-006;20250925;9.8;1;;3.50
0000002607;PD170-006;20250926;6.0;1;;3.23
0000002608;PD170-006;20250927;7.7;1;;2.81
0000002609;PD170-006;20250929;9.1;1;;3.06
0000002610;PD170-006;20250930;5.6;1;;2.81
0000002611;PD170-006;20251002;6.8;1;;2.21
0000002612;PD170-006;20251004;7.2;1;;3.04
0000002613;PD170-006;20251005;10.1;2;;2.64
0000002614;PD170-006;20251007;6.3;1;;3.51
0000002615;PD170-006;20251009;5.8;1;;2.86
0000002616;PD170-006;20251010;7.7;1;;2.74
0000002617;PD170-006;20251011;7.6;1;;2.77
0000002618;PD170-006;20251013;6.2;1;;2.76
0000002619;PD170-006;20251014;6.0;1;;3.16
0000002620;PD170-006;20251015;6.0;1;;3.16
0000002621;PD170-006;20251017;8.5;1;;2.86
0000002622;PD170-006;20251019;8.1;1;;2.76
0000002623;PD170-006;20251020;8.6;1;;2.95
0000002624;PD170-006;20251022;6.2;1;;2.33
0000002625;PD170-006;20251023;5.8;1;;3.13
0000002626;PD170-006;20251024;8.0;1;;1.94
0000002627;PD170-006;20251025;4.8;1;;2.08
0000002628;PD170-006;20251026;6.9;1;;2.85
0000002629;PD170-006;20251028;10.6;1;;2.69
0000002630;PD170-006;20251030;8.3;1;;3.68
0000002631;PD170-006;20251031;4.9;1;;2.60
0000002632;PD170-006;20251102;6.1;1;;2.94
0000002633;PD170-006;20251103;7.3;2;;2.88
0000002634;PD170-006;20251104;7.1;1;;2.15
0000002635;PD170-006;20251106;9.1;2;;2.65
0000002636;PD170-006;20251108;5.6;1;;2.74
0000002637;PD170-006;20251109;8.8;2;;2.35
0000002638;PD170-006;20251111;10.5;1;;3.44
0000002639;PD170-006;20251112;6.9;1;;2.67
0000002640;PD170-006;20251114;9.4;1;;2.70
0000002641;PD170-006;20251116;8.1;1;;2.34
0000002642;PD170-006;20251118;7.2;1;;3.02
0000002643;PD170-006;20251120;5.5;1;;3.40
0000002644;PD170-006;20251122;8.1;2;;2.95
0000002645;PD170-006;20251124;5.3;1;;2.97
0000002646;PD170-006;20251125;10.0;1;;2.56
0000002647;PD170-006;20251126;6.6;1;;3.93
0000002648;PD170-006;20251127;8.2;1;;3.38
0000002649;PD170-006;20251128;7.6;1;;3.12
0000002650;PD170-006;20251129;4.8;1;;3.06
0000002651;PD170-006;20251130;5.3;2;;2.15
0000002652;PD170-006;20251202;6.0;1;;3.27
0000002653;PD170-006;20251203;8.4;1;;3.48
0000002654;PD170-006;20251205;5.6;1;;2.78
0000002655;PD170-006;20251206;6.3;1;;2.65
0000002656;PD170-006;20251208;8.6;2;;2.61
0000002657;PD170-006;20251209;10.6;2;;2.77
0000002658;PD170-006;20251210;10.6;1;;3.85
0000002659;PD170-006;20251211;9.5;2;;3.53
0000002660;PD170-006;20251213;10.6;1;;2.26
0000002661;PD170-006;20251215;7.2;1;;2.89
0000002662;PD170-006;20251216;8.0;1;;2.24
0000002663;PD170-006;20251217;5.3;1;;2.63
0000002664;PD170-006;20251218;6.2;1;;3.26
0000002665;PD170-006;20251220;5.0;1;;2.85
0000002666;PD170-006;20251221;7.9;2;;2.09
0000002667;PD170-006;20251222;9.8;1;;2.18
0000002668;PD170-006;20251223;6.5;1;;2.51
0000002669;PD170-006;20251224;5.1;2;;3.16
0000002670;PD170-006;20251225;5.1;1;;2.56
0000002671;PD170-006;20251227;9.8;1;;2.34
0000002672;PD170-006;20251229;10.7;1;;2.50
0000002673;PD170-006;20251231;5.4;1;;4.00
0000002674;PD170-006;20260102;5.2;1;;2.82
0000002675;PD170-006;20260103;9.4;1;;3.65
0000002676;PD170-006;20260104;4.8;1;;2.94
0000002677;PD170-006;20260105;6.8;1;;2.89
0000002678;PD170-006;20260106;5.3;1;;2.65
0000002679;PD170-006;20260107;9.2;1;;3.81
0000002680;PD170-006;20260108;7.3;2;;3.70
0000002681;PD170-006;20260109;4.8;1;;3.64
0000002682;PD170-006;20260111;10.2;1;;3.14
0000002683;PD170-006;20260112;10.6;1;;2.97
0000002684;PD170-006;20260114;9.4;1;;3.31
0000002685;PD170-006;20260116;7.2;1;;2.70
0000002686;PD170-006;20260117;10.4;1;;2.64
0000002687;PD170-006;20260119;9.4;1;;3.91
0000002688;PD170-006;20260120;9.9;2;;2.99
0000002689;PD170-006;20260122;10.6;1;;3.93
0000002690;PD170-006;20260124;8.7;1;;3.79
0000002691;PD170-006;20260125;7.2;1;;3.03
0000002692;PD170-006;20260126;10.7;1;;3.26
0000002693;PD170-006;20260128;9.2;1;;3.40
0000002694;PD170-006;20260130;5.4;1;;2.51
0000002695;PD170-006;20260131;10.6;1;;2.92
0000002696;PD170-006;20260202;8.6;1;;2.84
0000002697;PD170-006;20260203;4.8;1;;3.53
0000002698;PD170-006;20260204;6.9;1;;2.90
0000002699;PD170-006;20260206;9.5;1;;4.09
0000002700;PD170-006;20260207;7.3;1;;3.10
0000002701;PD170-006;20260209;5.1;1;;2.52
0000002702;PD170-006;20260210;10.2;1;;2.41
0000002703;PD170-006;20260212;9.0;1;;3.14
0000002704;PD170-006;20260213;6.9;1;;3.32
0000002705;PD170-006;20260214;9.8;1;;3.21
0000002706;PD170-006;20260216;10.6;1;;3.64
0000002707;PD170-006;20260218;5.3;2;;2.67
0000002708;PD170-006;20260219;10.6;1;;3.18
0000002709;PD170-006;20260221;6.2;1;;3.62
0000002710;PD170-006;20260222;10.0;1;;3.70
0000002711;PD170-006;20260224;7.6;1;;4.18
0000002712;PD170-006;20260226;6.3;1;;2.37
0000002713;PD170-006;20260227;7.6;1;;3.61
0000002714;PD170-006;20260301;7.7;1;;4.25
0000002715;PD170-006;20260302;6.0;1;;3.01
0000002716;PD170-006;20260303;5.2;1;;3.80
0000002717;PD170-006;20260304;5.6;1;;2.42
0000002718;PD170-006;20260306;6.0;1;;3.11
0000002719;PD170-006;20260308;8.4;1;;3.54
0000002720;PD170-006;20260309;8.2;1;;3.45
0000002721;PD170-006;20260310;7.9;1;;3.13
0000002722;PD170-006;20260311;9.1;1;;3.62
0000002723;PD170-006;20260312;7.3;1;;2.78
0000002724;PD170-006;20260314;10.7;1;;2.69
0000002725;PD170-006;20260315;5.6;1;;3.51
0000002726;PD170-006;20260316;10.3;1;;2.92
0000002727;PD170-006;20260317;7.9;1;;3.55
0000002728;PD170-006;20260318;6.6;1;;2.78
0000002729;PD170-006;20260319;10.6;1;;3.42
0000002730;PD170-006;20260320;5.1;1;;3.17
0000002731;PD170-006;20260322;7.5;1;;3.56
0000002732;PD170-006;20260323;5.7;1;;2.33
0000002733;PD170-006;20260325;9.3;2;;2.94
0000002734;PD170-006;20260326;10.2;1;;3.12
0000002735;PD170-006;20260328;8.5;1;;2.49
0000002736;PD170-006;20260329;7.5;1;;2.89
0000002737;PD170-006;20260330;9.5;1;;2.96
0000002738;PD170-006;20260331;7.0;1;;3.92
0000002739;PD170-006;20260402;5.8;1;;2.52
0000002740;PD170-006;20260403;5.6;1;;4.28
0000002741;PD170-006;20260405;5.3;1;;3.29
0000002742;PD170-006;20260407;6.0;1;;2.76
0000002743;PD170-006;20260408;6.9;1;;3.10
0000002744;PD170-006;20260410;10.3;2;;2.35
0000002745;PD170-006;20260411;6.0;2;;3.84
0000002746;PD170-006;20260412;9.1;1;;2.79
0000002747;PD170-006;20260413;7.3;1;;3.70
0000002748;PD170-006;20260415;9.4;1;;3.85
0000002749;PD170-006;20260417;7.3;2;;3.58
0000002750;PD170-006;20260419;6.5;2;;4.03
0000002751;PD170-006;20260420;8.5;1;;3.25
0000002752;PD170-006;20260422;9.1;1;;3.87
0000002753;PD170-006;20260423;6.6;1;;3.32
0000002754;PD170-006;20260424;7.8;1;;3.68
0000002755;PD170-006;20260426;7.4;1;;3.86
0000002756;PD170-006;20260428;9.2;1;;3.55
0000002757;PD170-006;20260430;7.7;1;;3.80
0000002758;PD170-006;20260502;4.8;2;;3.06
0000002759;PD170-006;20260504;5.0;1;;3.30
0000002760;PD170-006;20260505;5.3;1;;2.99
0000002761;PD170-006;20260506;8.5;1;;4.21
0000002762;PD170-006;20260508;8.8;1;;2.78
0000002763;PD170-006;20260510;5.4;1;;2.96
0000002764;PD170-006;20260511;9.8;1;;2.90
0000002765;PD170-006;20260512;8.2;1;;2.41
0000002766;PD170-006;20260513;8.8;1;;2.80
0000002767;PD170-006;20260514;6.7;1;;3.38
0000002768;PD170-006;20260515;9.1;1;;3.20
0000002769;PD170-006;20260517;8.3;1;;2.47
0000002770;PD170-006;20260519;9.5;1;;3.33
0000002771;PD170-006;20260521;9.6;1;;4.11
0000002772;PD170-006;20260522;5.4;1;;3.31
0000002773;PD170-006;20260524;10.1;1;;4.52
0000002774;PD170-006;20260526;5.3;1;;3.01
0000002775;PD170-006;20260528;6.6;1;;2.32
0000002776;PD170-006;20260530;9.3;1;;3.66
0000002777;PD170-006;20260601;6.0;1;;4.18
0000002778;PD170-006;20260602;7.7;1;;4.50
0000002779;PD170-006;20260604;7.0;1;;3.27
0000002780;PD170-006;20260605;7.6;1;;3.86
0000002781;PD170-006;20260606;9.4;1;;2.78
0000002782;PD170-006;20260607;8.1;1;;3.51
0000002783;PD170-006;20260608;7.6;1;;3.44
0000002784;PD170-006;20260610;6.7;1;;3.89
0000002785;PD170-006;20260611;7.8;1;;3.36
0000002786;PD170-006;20260613;7.1;1;;3.21
0000002787;PD170-006;20260615;6.3;1;;3.53
0000002788;PD170-006;20260617;9.8;1;;3.23
0000002789;PD170-006;20260619;7.8;1;;2.83
0000002790;PD170-006;20260620;5.9;1;;3.91
0000002791;PD170-006;20260621;5.6;1;;2.47
0000002792;PD170-006;20260623;6.5;2;;3.93
0000002793;PD170-006;20260625;8.7;1;;4.20
0000002794;PD170-006;20260626;7.7;1;;4.31
0000002795;PD170-006;20260627;9.7;1;;3.89
0000002796;PD170-006;20260628;10.7;1;;3.73
0000002797;PD170-006;20260630;8.6;1;;3.42
0000002798;PD170-006;20260702;10.0;1;;3.80
0000002799;PD170-006;20260703;10.5;1;;4.68
0000002800;PD170-006;20260704;10.0;1;;3.57
0000002801;PD170-006;20260705;8.2;1;;2.55
0000002802;PD170-006;20260706;10.7;1;;3.97
0000002803;PD170-006;20260708;9.3;1;;4.62
0000002804;PD170-006;20260709;5.3;2;;3.68
0000002805;PD170-006;20260711;8.3;1;;4.05
0000002806;PD170-006;20260712;9.1;2;;3.47
0000002807;PD170-006;20260713;9.0;1;;4.09
0000002808;PD170-006;20260715;7.3;2;;3.13
0000002809;PD170-006;20260717;7.4;1;;4.11
0000002810;PD170-006;20260718;7.8;2;;2.40
0000002811;PD170-006;20260720;6.3;1;;3.44
0000002812;PD170-006;20260721;7.1;1;;4.24
0000002813;PD170-006;20260723;8.7;1;;4.12
0000002814;PD170-006;20260724;9.1;1;;3.82
0000002815;PD170-006;20260726;8.6;2;;4.81
0000002816;PD170-006;20260728;10.5;1;;3.25
0000002817;PD170-006;20260729;6.4;1;;3.80
0000002818;PD170-006;20260730;6.6;1;;4.14
0000002819;PD170-006;20260801;6.9;1;;4.75
0000002820;PD170-006;20260803;7.9;1;;3.52
0000002821;TS1400-001;20240804;3.5;1;70.0;1.29
0000002822;TS1400-001;20240806;3.3;1;71.0;1.81
0000002823;TS1400-001;20240808;3.0;1;71.6;1.46
0000002824;TS1400-001;20240810;3.3;1;71.2;1.63
0000002825;TS1400-001;20240811;2.9;1;71.9;1.49
0000002826;TS1400-001;20240813;4.1;1;71.9;1.93
0000002827;TS1400-001;20240815;4.1;2;71.5;1.60
0000002828;TS1400-001;20240817;3.9;1;72.0;1.65
0000002829;TS1400-001;20240819;4.5;1;71.6;1.22
0000002830;TS1400-001;20240821;3.2;1;69.8;1.57
0000002831;TS1400-001;20240823;3.2;1;71.2;1.60
0000002832;TS1400-001;20240824;3.8;1;68.0;1.12
0000002833;TS1400-001;20240825;3.1;1;70.2;2.03
0000002834;TS1400-001;20240826;4.2;1;69.1;1.24
0000002835;TS1400-001;20240827;5.4;1;67.8;1.56
0000002836;TS1400-001;20240828;5.6;1;68.2;1.53
0000002837;TS1400-001;20240830;4.2;2;69.7;1.59
0000002838;TS1400-001;20240901;3.4;1;70.6;1.22
0000002839;TS1400-001;20240902;2.7;1;71.3;1.61
0000002840;TS1400-001;20240903;3.6;1;68.2;1.23
0000002841;TS1400-001;20240905;5.3;1;71.7;1.62
0000002842;TS1400-001;20240906;2.5;1;67.5;1.43
0000002843;TS1400-001;20240907;3.0;1;71.1;1.60
0000002844;TS1400-001;20240908;4.4;1;70.1;1.22
0000002845;TS1400-001;20240909;3.0;1;71.9;1.58
0000002846;TS1400-001;20240911;4.9;1;66.9;1.64
0000002847;TS1400-001;20240913;4.6;1;67.1;1.80
0000002848;TS1400-001;20240915;5.0;2;69.6;1.38
0000002849;TS1400-001;20240917;5.1;1;69.3;2.12
0000002850;TS1400-001;20240919;3.9;1;69.0;1.60
0000002851;TS1400-001;20240921;5.1;2;71.4;2.21
0000002852;TS1400-001;20240923;2.9;1;68.5;1.86
0000002853;TS1400-001;20240924;4.7;1;71.3;1.35
0000002854;TS1400-001;20240926;5.0;1;70.6;1.54
0000002855;TS1400-001;20240927;2.6;1;70.2;2.07
0000002856;TS1400-001;20240928;4.1;1;69.0;2.12
0000002857;TS1400-001;20240929;3.0;1;69.4;1.21
0000002858;TS1400-001;20240930;3.9;1;69.3;1.38
0000002859;TS1400-001;20241002;4.3;1;67.5;1.62
0000002860;TS1400-001;20241003;3.5;2;69.4;1.74
0000002861;TS1400-001;20241004;4.9;1;66.9;2.08
0000002862;TS1400-001;20241006;4.2;2;67.7;2.03
0000002863;TS1400-001;20241008;3.2;1;66.5;2.05
0000002864;TS1400-001;20241010;2.9;1;68.2;1.56
0000002865;TS1400-001;20241011;5.3;1;70.0;1.88
0000002866;TS1400-001;20241013;3.4;1;70.5;1.99
0000002867;TS1400-001;20241014;4.7;1;69.4;1.92
0000002868;TS1400-001;20241016;3.9;2;70.4;1.71
0000002869;TS1400-001;20241018;5.3;2;68.9;1.30
0000002870;TS1400-001;20241019;4.4;1;69.0;1.54
0000002871;TS1400-001;20241020;3.4;1;70.7;2.21
0000002872;TS1400-001;20241022;5.7;1;67.8;1.88
0000002873;TS1400-001;20241023;2.8;1;69.3;1.77
0000002874;TS1400-001;20241025;2.7;1;66.4;1.62
0000002875;TS1400-001;20241027;4.0;1;65.3;2.34
0000002876;TS1400-001;20241028;4.7;1;69.1;2.04
0000002877;TS1400-001;20241029;3.0;1;68.3;1.98
0000002878;TS1400-001;20241031;3.7;1;67.4;1.94
0000002879;TS1400-001;20241102;4.1;2;69.2;1.69
0000002880;TS1400-001;20241103;3.3;1;69.4;1.47
0000002881;TS1400-001;20241104;5.1;1;70.7;1.65
0000002882;TS1400-001;20241105;3.4;1;66.6;2.26
0000002883;TS1400-001;20241107;5.1;2;69.3;2.09
0000002884;TS1400-001;20241108;4.6;1;66.1;1.65
0000002885;TS1400-001;20241109;2.5;1;68.1;1.82
0000002886;TS1400-001;20241111;2.7;1;65.8;2.20
0000002887;TS1400-001;20241112;5.7;1;68.6;1.62
0000002888;TS1400-001;20241114;3.8;1;68.4;2.18
0000002889;TS1400-001;20241116;3.8;2;69.2;2.19
0000002890;TS1400-001;20241118;5.4;1;68.7;1.56
0000002891;TS1400-001;20241120;3.1;1;67.8;1.89
0000002892;TS1400-001;20241122;5.7;1;70.3;2.28
0000002893;TS1400-001;20241124;3.9;1;66.1;2.04
0000002894;TS1400-001;20241126;3.5;1;67.0;2.06
0000002895;TS1400-001;20241128;4.8;1;69.5;2.26
0000002896;TS1400-001;20241130;5.0;1;67.5;2.05
0000002897;TS1400-001;20241202;4.6;1;66.8;1.94
0000002898;TS1400-001;20241204;4.3;1;65.4;2.35
0000002899;TS1400-001;20241206;4.4;1;64.6;1.84
0000002900;TS1400-001;20241208;3.6;1;64.8;2.02
0000002901;TS1400-001;20241209;3.0;2;66.6;1.65
0000002902;TS1400-001;20241211;3.8;2;66.9;2.22
0000002903;TS1400-001;20241213;2.6;1;68.8;2.38
0000002904;TS1400-001;20241214;3.6;1;68.2;2.18
0000002905;TS1400-001;20241216;5.4;1;66.7;1.73
0000002906;TS1400-001;20241217;3.2;1;70.1;2.45
0000002907;TS1400-001;20241218;3.7;1;68.9;1.74
0000002908;TS1400-001;20241220;3.3;1;68.3;2.23
0000002909;TS1400-001;20241222;5.3;2;64.9;2.00
0000002910;TS1400-001;20241224;3.1;1;64.1;2.39
0000002911;TS1400-001;20241226;5.7;1;67.9;1.80
0000002912;TS1400-001;20241227;3.2;2;63.2;1.86
0000002913;TS1400-001;20241228;4.4;1;65.7;2.20
0000002914;TS1400-001;20241230;3.4;1;65.2;1.63
0000002915;TS1400-001;20241231;5.6;1;66.0;2.27
0000002916;TS1400-001;20250101;4.1;1;66.2;1.34
0000002917;TS1400-001;20250103;3.1;1;64.0;2.60
0000002918;TS1400-001;20250104;5.0;1;63.6;1.73
0000002919;TS1400-001;20250106;4.3;1;67.3;2.26
0000002920;TS1400-001;20250107;5.7;1;64.9;1.61
0000002921;TS1400-001;20250109;5.6;1;67.6;2.07
0000002922;TS1400-001;20250111;3.6;1;65.2;2.10
0000002923;TS1400-001;20250113;4.7;1;66.7;1.45
0000002924;TS1400-001;20250115;3.5;1;69.1;2.26
0000002925;TS1400-001;20250116;5.6;1;64.9;2.07
0000002926;TS1400-001;20250117;2.7;1;64.3;2.41
0000002927;TS1400-001;20250119;2.8;1;65.0;1.81
0000002928;TS1400-001;20250120;3.9;1;65.9;2.01
0000002929;TS1400-001;20250121;5.4;1;67.5;1.56
0000002930;TS1400-001;20250122;5.4;1;66.9;2.11
0000002931;TS1400-001;20250124;4.7;1;65.5;1.63
0000002932;TS1400-001;20250126;3.1;2;62.5;2.12
0000002933;TS1400-001;20250127;5.2;2;66.7;2.18
0000002934;TS1400-001;20250128;3.3;1;65.9;2.49
0000002935;TS1400-001;20250129;2.5;2;66.2;2.26
0000002936;TS1400-001;20250131;2.5;1;68.2;2.02
0000002937;TS1400-001;20250201;4.9;1;66.6;1.81
0000002938;TS1400-001;20250203;3.4;1;65.9;2.04
0000002939;TS1400-001;20250205;4.0;2;64.3;2.63
0000002940;TS1400-001;20250206;3.8;1;65.9;1.97
0000002941;TS1400-001;20250207;4.1;2;68.0;2.70
0000002942;TS1400-001;20250209;5.0;1;63.4;2.51
0000002943;TS1400-001;20250210;3.6;2;67.2;2.37
0000002944;TS1400-001;20250212;4.0;1;67.8;1.55
0000002945;TS1400-001;20250214;3.1;1;68.1;1.86
0000002946;TS1400-001;20250215;5.6;1;65.0;1.54
0000002947;TS1400-001;20250216;3.0;2;68.1;2.14
0000002948;TS1400-001;20250217;4.4;1;63.4;1.95
0000002949;TS1400-001;20250219;2.9;1;66.2;2.77
0000002950;TS1400-001;20250221;4.9;1;64.9;2.17
0000002951;TS1400-001;20250223;4.3;1;65.3;2.00
0000002952;TS1400-001;20250224;2.7;1;67.5;1.58
0000002953;TS1400-001;20250225;3.6;1;66.2;2.00
0000002954;TS1400-001;20250227;2.5;1;66.6;2.12
0000002955;TS1400-001;20250301;5.5;1;66.2;1.88
0000002956;TS1400-001;20250302;5.6;1;61.0;2.53
0000002957;TS1400-001;20250303;4.2;1;64.9;2.59
0000002958;TS1400-001;20250305;4.9;1;67.9;1.84
0000002959;TS1400-001;20250306;3.8;1;67.7;1.86
0000002960;TS1400-001;20250307;5.4;1;64.0;1.82
0000002961;TS1400-001;20250308;3.5;1;62.0;2.28
0000002962;TS1400-001;20250310;3.3;1;68.1;2.02
0000002963;TS1400-001;20250311;4.7;2;66.3;2.30
0000002964;TS1400-001;20250312;4.3;1;62.6;2.32
0000002965;TS1400-001;20250314;5.2;1;63.1;1.87
0000002966;TS1400-001;20250316;3.5;1;63.5;1.60
0000002967;TS1400-001;20250317;3.9;1;67.7;2.58
0000002968;TS1400-001;20250318;4.4;1;67.6;1.82
0000002969;TS1400-001;20250320;4.6;1;63.1;1.95
0000002970;TS1400-001;20250321;5.4;1;64.6;2.29
0000002971;TS1400-001;20250323;3.9;2;67.7;2.27
0000002972;TS1400-001;20250324;4.7;1;61.6;2.31
0000002973;TS1400-001;20250326;3.3;1;64.7;1.43
0000002974;TS1400-001;20250327;5.2;1;63.3;2.71
0000002975;TS1400-001;20250329;5.4;1;62.5;2.05
0000002976;TS1400-001;20250331;3.3;2;65.2;1.93
0000002977;TS1400-001;20250401;4.9;1;63.4;2.47
0000002978;TS1400-001;20250403;4.4;1;66.1;2.07
0000002979;TS1400-001;20250405;5.4;1;65.5;2.49
0000002980;TS1400-001;20250407;3.0;1;63.3;1.57
0000002981;TS1400-001;20250409;3.0;1;66.4;2.43
0000002982;TS1400-001;20250410;5.6;1;61.2;2.06
0000002983;TS1400-001;20250412;4.6;1;63.1;2.67
0000002984;TS1400-001;20250414;4.3;2;65.1;2.26
0000002985;TS1400-001;20250416;5.5;1;66.4;2.14
0000002986;TS1400-001;20250418;4.1;1;62.6;2.20
0000002987;TS1400-001;20250419;4.6;1;63.5;2.46
0000002988;TS1400-001;20250420;4.8;1;61.5;1.80
0000002989;TS1400-001;20250422;5.0;2;66.1;1.98
0000002990;TS1400-001;20250424;2.8;1;62.4;2.14
0000002991;TS1400-001;20250426;5.2;1;64.7;2.07
0000002992;TS1400-001;20250427;3.7;1;60.3;2.49
0000002993;TS1400-001;20250429;4.6;1;60.6;2.18
0000002994;TS1400-001;20250430;3.6;2;65.8;2.09
0000002995;TS1400-001;20250502;3.6;2;61.3;1.93
0000002996;TS1400-001;20250503;3.6;1;62.3;1.85
0000002997;TS1400-001;20250505;3.3;1;61.8;2.33
0000002998;TS1400-001;20250507;3.9;1;63.1;1.68
0000002999;TS1400-001;20250509;3.7;1;62.7;1.71
0000003000;TS1400-001;20250511;3.8;1;59.8;1.77
0000003001;TS1400-001;20250513;2.9;1;66.6;2.68
0000003002;TS1400-001;20250515;4.3;1;62.3;2.22
0000003003;TS1400-001;20250516;5.5;1;65.4;1.83
0000003004;TS1400-001;20250517;5.4;2;64.7;2.71
0000003005;TS1400-001;20250518;3.2;1;62.0;2.78
0000003006;TS1400-001;20250519;3.2;2;62.3;11.15
0000003007;TS1400-001;20250521;4.4;1;62.8;2.08
0000003008;TS1400-001;20250523;2.9;1;60.6;2.45
0000003009;TS1400-001;20250524;2.7;1;61.7;2.35
0000003010;TS1400-001;20250525;3.8;1;61.2;2.21
0000003011;TS1400-001;20250526;4.2;1;61.8;1.91
0000003012;TS1400-001;20250527;2.9;2;60.7;2.34
0000003013;TS1400-001;20250529;2.7;1;60.8;2.18
0000003014;TS1400-001;20250531;4.1;1;64.0;2.05
0000003015;TS1400-001;20250602;3.8;1;62.8;2.25
0000003016;TS1400-001;20250604;5.4;1;64.1;2.24
0000003017;TS1400-001;20250606;5.3;1;62.9;3.06
0000003018;TS1400-001;20250608;3.7;1;63.8;2.02
0000003019;TS1400-001;20250609;5.5;1;62.2;2.74
0000003020;TS1400-001;20250611;5.6;1;62.9;2.09
0000003021;TS1400-001;20250612;4.3;1;66.1;2.75
0000003022;TS1400-001;20250613;3.5;1;65.3;2.61
0000003023;TS1400-001;20250614;3.6;1;59.9;1.83
0000003024;TS1400-001;20250616;5.3;1;64.7;1.69
0000003025;TS1400-001;20250618;4.7;1;59.4;1.96
0000003026;TS1400-001;20250620;4.3;1;59.3;2.73
0000003027;TS1400-001;20250621;4.8;1;61.3;2.70
0000003028;TS1400-001;20250623;3.4;1;60.6;1.83
0000003029;TS1400-001;20250625;4.5;1;63.2;2.20
0000003030;TS1400-001;20250626;3.3;1;61.1;2.62
0000003031;TS1400-001;20250627;5.3;1;61.4;2.48
0000003032;TS1400-001;20250629;5.5;1;61.3;2.33
0000003033;TS1400-001;20250701;2.6;1;58.5;2.10
0000003034;TS1400-001;20250703;3.1;1;59.0;2.69
0000003035;TS1400-001;20250704;4.8;1;65.4;2.23
0000003036;TS1400-001;20250706;3.5;1;63.8;2.01
0000003037;TS1400-001;20250707;2.9;1;63.5;3.04
0000003038;TS1400-001;20250709;4.2;1;62.5;2.36
0000003039;TS1400-001;20250710;4.1;1;60.9;2.35
0000003040;TS1400-001;20250712;3.5;2;57.5;1.89
0000003041;TS1400-001;20250713;5.7;1;64.4;2.96
0000003042;TS1400-001;20250714;3.0;1;62.3;2.62
0000003043;TS1400-001;20250715;4.1;1;58.1;2.97
0000003044;TS1400-001;20250717;3.7;1;64.9;2.51
0000003045;TS1400-001;20250718;3.9;1;61.5;2.99
0000003046;TS1400-001;20250719;5.5;1;62.7;2.62
0000003047;TS1400-001;20250720;3.7;1;59.6;2.58
0000003048;TS1400-001;20250722;3.8;1;63.9;2.35
0000003049;TS1400-001;20250724;5.4;2;63.3;2.73
0000003050;TS1400-001;20250726;5.4;1;58.9;2.60
0000003051;TS1400-001;20250728;3.1;2;60.6;2.32
0000003052;TS1400-001;20250730;5.6;1;59.4;2.80
0000003053;TS1400-001;20250801;4.2;1;59.5;1.99
0000003054;TS1400-001;20250802;3.8;1;57.7;1.98
0000003055;TS1400-001;20250803;4.1;1;59.7;2.74
0000003056;TS1400-001;20250805;4.2;2;60.4;2.92
0000003057;TS1400-001;20250806;5.6;1;60.5;3.11
0000003058;TS1400-001;20250807;3.8;1;58.1;2.81
0000003059;TS1400-001;20250808;5.1;1;59.3;1.98
0000003060;TS1400-001;20250809;5.7;1;60.8;3.11
0000003061;TS1400-001;20250811;3.2;1;57.1;2.34
0000003062;TS1400-001;20250813;4.0;2;62.4;1.67
0000003063;TS1400-001;20250815;4.1;1;60.2;2.22
0000003064;TS1400-001;20250816;3.2;1;62.9;1.90
0000003065;TS1400-001;20250817;4.2;1;63.6;2.93
0000003066;TS1400-001;20250819;4.8;1;66.1;2.27
0000003067;TS1400-001;20250821;4.7;1;61.6;3.24
0000003068;TS1400-001;20250822;3.0;1;63.1;3.31
0000003069;TS1400-001;20250823;3.2;2;58.4;2.81
0000003070;TS1400-001;20250824;5.4;1;63.1;2.76
0000003071;TS1400-001;20250825;3.7;2;64.7;2.54
0000003072;TS1400-001;20250826;5.4;1;59.7;2.48
0000003073;TS1400-001;20250828;4.6;1;62.3;3.03
0000003074;TS1400-001;20250830;2.8;1;63.9;2.73
0000003075;TS1400-001;20250831;5.6;2;61.9;2.77
0000003076;TS1400-001;20250901;5.0;1;59.7;2.70
0000003077;TS1400-001;20250903;4.3;1;60.1;2.51
0000003078;TS1400-001;20250904;5.3;1;55.8;3.06
0000003079;TS1400-001;20250905;3.2;1;58.2;2.45
0000003080;TS1400-001;20250906;5.1;2;63.7;2.91
0000003081;TS1400-001;20250907;3.3;2;58.8;2.42
0000003082;TS1400-001;20250908;4.1;1;57.4;3.02
0000003083;TS1400-001;20250909;5.6;1;58.1;2.96
0000003084;TS1400-001;20250910;4.0;1;61.7;2.33
0000003085;TS1400-001;20250912;5.5;1;56.3;2.47
0000003086;TS1400-001;20250914;4.4;1;59.2;2.45
0000003087;TS1400-001;20250915;5.7;1;58.2;2.69
0000003088;TS1400-001;20250916;5.7;2;59.9;3.31
0000003089;TS1400-001;20250918;2.6;1;61.8;2.91
0000003090;TS1400-001;20250920;4.9;2;62.0;2.25
0000003091;TS1400-001;20250922;4.9;1;55.0;3.17
0000003092;TS1400-001;20250923;5.1;1;56.3;2.85
0000003093;TS1400-001;20250924;2.5;1;61.4;2.72
0000003094;TS1400-001;20250926;4.0;1;62.7;1.81
0000003095;TS1400-001;20250927;4.2;1;60.4;2.40
0000003096;TS1400-001;20250928;5.2;1;63.5;3.19
0000003097;TS1400-001;20250930;4.9;1;62.3;3.18
0000003098;TS1400-001;20251002;4.6;2;64.2;3.13
0000003099;TS1400-001;20251004;3.5;2;57.3;2.98
0000003100;TS1400-001;20251006;5.7;1;62.9;3.41
0000003101;TS1400-001;20251007;2.9;1;56.6;2.25
0000003102;TS1400-001;20251009;4.2;1;60.6;2.25
0000003103;TS1400-001;20251010;4.3;1;63.1;2.66
0000003104;TS1400-001;20251011;5.2;1;56.1;2.61
0000003105;TS1400-001;20251012;5.6;1;61.9;2.96
0000003106;TS1400-001;20251014;5.4;1;60.3;2.52
0000003107;TS1400-001;20251015;4.6;1;60.5;2.43
0000003108;TS1400-001;20251017;4.0;1;63.3;2.70
0000003109;TS1400-001;20251019;4.7;1;57.3;2.72
0000003110;TS1400-001;20251021;5.7;1;63.2;3.55
0000003111;TS1400-001;20251022;3.7;1;60.7;2.16
0000003112;TS1400-001;20251023;3.3;1;56.6;3.33
0000003113;TS1400-001;20251024;3.2;2;60.0;3.02
0000003114;TS1400-001;20251026;5.0;1;58.7;2.13
0000003115;TS1400-001;20251028;3.4;1;57.1;2.77
0000003116;TS1400-001;20251030;5.4;2;54.7;2.48
0000003117;TS1400-001;20251101;4.5;1;59.7;3.32
0000003118;TS1400-001;20251102;3.2;1;61.4;2.67
0000003119;TS1400-001;20251103;3.9;2;54.7;3.20
0000003120;TS1400-001;20251105;5.0;1;61.6;3.26
0000003121;TS1400-001;20251107;3.1;1;57.8;2.32
0000003122;TS1400-001;20251109;3.7;1;59.9;2.20
0000003123;TS1400-001;20251110;4.2;1;60.8;3.23
0000003124;TS1400-001;20251111;5.2;1;57.3;3.04
0000003125;TS1400-001;20251112;5.6;1;60.9;2.69
0000003126;TS1400-001;20251113;3.2;1;55.9;2.77
0000003127;TS1400-001;20251115;3.1;1;61.7;2.76
0000003128;TS1400-001;20251116;2.9;1;59.3;2.93
0000003129;TS1400-001;20251117;3.4;2;62.5;2.30
0000003130;TS1400-001;20251119;5.0;2;59.7;2.28
0000003131;TS1400-001;20251121;3.5;1;54.2;3.76
0000003132;TS1400-001;20251122;3.9;1;54.1;2.72
0000003133;TS1400-001;20251124;5.7;2;57.5;3.11
0000003134;TS1400-001;20251126;4.2;1;54.6;2.92
0000003135;TS1400-001;20251128;2.5;1;58.5;3.02
0000003136;TS1400-001;20251129;4.2;1;58.1;2.25
0000003137;TS1400-001;20251201;5.7;1;59.3;3.79
0000003138;TS1400-001;20251203;2.9;1;56.2;3.51
0000003139;TS1400-001;20251205;4.2;1;56.0;3.14
0000003140;TS1400-001;20251207;3.8;1;60.1;2.80
0000003141;TS1400-001;20251208;4.8;1;57.3;3.37
0000003142;TS1400-001;20251210;2.8;1;58.3;2.79
0000003143;TS1400-001;20251212;5.5;1;59.1;2.09
0000003144;TS1400-001;20251213;5.3;1;56.6;2.78
0000003145;TS1400-001;20251215;4.6;1;60.5;3.07
0000003146;TS1400-001;20251217;5.0;2;54.2;2.49
0000003147;TS1400-001;20251218;3.7;1;59.9;2.64
0000003148;TS1400-001;20251220;3.5;1;56.5;3.61
0000003149;TS1400-001;20251222;3.1;1;57.1;3.29
0000003150;TS1400-001;20251224;5.0;1;56.7;3.21
0000003151;TS1400-001;20251226;2.7;2;58.0;3.43
0000003152;TS1400-001;20251228;3.5;1;54.5;3.61
0000003153;TS1400-001;20251230;4.8;1;57.1;3.54
0000003154;TS1400-001;20260101;3.6;1;56.9;2.66
0000003155;TS1400-001;20260103;5.5;2;58.6;3.22
0000003156;TS1400-001;20260105;3.9;1;55.3;2.60
0000003157;TS1400-001;20260107;5.7;1;56.6;2.51
0000003158;TS1400-001;20260109;4.7;1;51.9;2.59
0000003159;TS1400-001;20260111;3.8;1;60.5;2.26
0000003160;TS1400-001;20260112;3.8;1;61.7;3.10
0000003161;TS1400-001;20260114;2.5;1;54.6;3.01
0000003162;TS1400-001;20260116;4.3;1;62.5;3.09
0000003163;TS1400-001;20260118;4.4;1;52.5;3.41
0000003164;TS1400-001;20260120;5.5;1;59.0;3.14
0000003165;TS1400-001;20260122;5.6;1;58.0;4.00
0000003166;TS1400-001;20260123;4.1;1;60.3;2.71
0000003167;TS1400-001;20260125;5.0;1;60.2;2.95
0000003168;TS1400-001;20260127;3.3;1;58.5;3.10
0000003169;TS1400-001;20260128;4.5;1;53.6;3.38
0000003170;TS1400-001;20260129;4.8;1;58.3;2.93
0000003171;TS1400-001;20260130;4.8;1;59.2;3.06
0000003172;TS1400-001;20260201;4.1;1;57.4;3.93
0000003173;TS1400-001;20260202;4.5;1;61.9;3.34
0000003174;TS1400-001;20260204;2.9;1;55.6;2.59
0000003175;TS1400-001;20260205;5.6;1;60.2;3.32
0000003176;TS1400-001;20260206;4.0;1;58.2;3.06
0000003177;TS1400-001;20260207;4.7;1;54.3;3.28
0000003178;TS1400-001;20260209;3.5;1;59.4;2.67
0000003179;TS1400-001;20260211;5.2;1;61.5;3.16
0000003180;TS1400-001;20260212;4.9;2;60.2;3.34
0000003181;TS1400-001;20260213;5.6;2;58.2;3.20
0000003182;TS1400-001;20260215;4.5;1;57.1;3.22
0000003183;TS1400-001;20260216;5.6;2;51.7;3.78
0000003184;TS1400-001;20260217;3.8;1;60.2;3.07
0000003185;TS1400-001;20260219;2.6;2;55.3;3.56
0000003186;TS1400-001;20260221;3.5;1;54.9;2.69
0000003187;TS1400-001;20260223;4.9;2;53.7;3.32
0000003188;TS1400-001;20260225;3.3;1;54.3;3.66
0000003189;TS1400-001;20260226;2.8;1;50.5;3.69
0000003190;TS1400-001;20260228;3.0;1;56.0;3.70
0000003191;TS1400-001;20260301;5.3;1;54.4;2.59
0000003192;TS1400-001;20260303;3.2;2;57.6;3.59
0000003193;TS1400-001;20260305;3.3;2;56.2;2.97
0000003194;TS1400-001;20260307;2.8;1;53.2;2.90
0000003195;TS1400-001;20260309;3.7;1;58.5;3.65
0000003196;TS1400-001;20260311;5.6;1;60.4;3.00
0000003197;TS1400-001;20260312;2.8;1;58.5;3.50
0000003198;TS1400-001;20260313;5.1;1;53.1;4.03
0000003199;TS1400-001;20260315;4.1;1;62.0;3.20
0000003200;TS1400-001;20260316;5.4;1;62.0;3.97
0000003201;TS1400-001;20260318;2.9;2;57.5;2.55
0000003202;TS1400-001;20260319;3.1;1;50.7;3.41
0000003203;TS1400-001;20260321;3.1;1;54.5;3.19
0000003204;TS1400-001;20260322;4.8;2;56.6;3.61
0000003205;TS1400-001;20260323;5.1;1;55.8;3.51
0000003206;TS1400-001;20260325;3.4;1;59.9;2.83
0000003207;TS1400-001;20260327;2.6;1;51.6;2.99
0000003208;TS1400-001;20260329;5.3;2;60.5;3.69
0000003209;TS1400-001;20260330;3.9;1;52.9;2.61
0000003210;TS1400-001;20260331;5.7;1;59.4;2.92
0000003211;TS1400-001;20260402;5.7;1;53.1;3.15
0000003212;TS1400-001;20260404;5.3;1;51.3;2.87
0000003213;TS1400-001;20260406;4.1;1;60.4;3.71
0000003214;TS1400-001;20260407;4.9;1;54.8;2.80
0000003215;TS1400-001;20260409;4.0;1;59.5;3.27
0000003216;TS1400-001;20260410;5.5;2;49.6;3.74
0000003217;TS1400-001;20260411;4.4;1;55.4;2.95
0000003218;TS1400-001;20260412;2.8;1;56.9;3.91
0000003219;TS1400-001;20260414;4.3;2;56.0;3.74
0000003220;TS1400-001;20260416;4.4;1;60.3;3.63
0000003221;TS1400-001;20260418;2.7;1;55.4;3.57
0000003222;TS1400-001;20260419;4.5;1;59.2;3.60
0000003223;TS1400-001;20260420;3.2;1;57.8;3.56
0000003224;TS1400-001;20260421;2.9;1;58.0;3.14
0000003225;TS1400-001;20260422;4.6;2;51.2;3.89
0000003226;TS1400-001;20260424;4.8;1;56.6;3.36
0000003227;TS1400-001;20260425;3.3;1;58.7;2.70
0000003228;TS1400-001;20260426;2.8;1;58.4;4.25
0000003229;TS1400-001;20260428;4.0;1;53.2;4.19
0000003230;TS1400-001;20260430;5.7;1;56.5;3.46
0000003231;TS1400-001;20260501;5.5;1;55.2;2.95
0000003232;TS1400-001;20260502;5.5;1;56.4;3.08
0000003233;TS1400-001;20260504;4.7;2;56.5;3.30
0000003234;TS1400-001;20260505;2.7;1;57.1;3.16
0000003235;TS1400-001;20260507;3.7;1;52.8;4.41
0000003236;TS1400-001;20260509;3.4;1;52.0;3.34
0000003237;TS1400-001;20260510;3.2;2;52.2;3.54
0000003238;TS1400-001;20260511;3.3;1;50.6;3.45
0000003239;TS1400-001;20260512;4.2;2;57.4;3.71
0000003240;TS1400-001;20260513;4.0;1;56.5;3.97
0000003241;TS1400-001;20260515;2.9;1;56.8;3.51
0000003242;TS1400-001;20260517;4.1;1;54.4;2.45
0000003243;TS1400-001;20260518;4.8;1;53.2;3.27
0000003244;TS1400-001;20260519;5.7;2;58.4;4.21
0000003245;TS1400-001;20260520;4.2;1;53.7;2.76
0000003246;TS1400-001;20260521;4.7;1;53.6;3.98
0000003247;TS1400-001;20260523;4.5;1;48.0;3.54
0000003248;TS1400-001;20260525;5.4;1;56.1;2.58
0000003249;TS1400-001;20260526;4.3;2;60.6;2.37
0000003250;TS1400-001;20260527;4.0;1;55.1;3.65
0000003251;TS1400-001;20260529;3.2;1;56.2;3.85
0000003252;TS1400-001;20260530;2.9;1;53.4;3.52
0000003253;TS1400-001;20260531;2.8;1;54.6;2.47
0000003254;TS1400-001;20260602;2.9;2;51.3;3.68
0000003255;TS1400-001;20260603;4.5;1;54.7;3.82
0000003256;TS1400-001;20260605;3.6;1;55.8;3.38
0000003257;TS1400-001;20260606;5.5;1;58.3;2.64
0000003258;TS1400-001;20260608;4.8;1;55.9;3.20
0000003259;TS1400-001;20260610;2.8;1;56.6;3.64
0000003260;TS1400-001;20260611;3.6;1;52.4;4.13
0000003261;TS1400-001;20260613;3.2;1;57.6;2.83
0000003262;TS1400-001;20260614;2.9;1;49.1;3.23
0000003263;TS1400-001;20260615;2.8;1;55.3;3.60
0000003264;TS1400-001;20260616;3.4;1;59.8;2.69
0000003265;TS1400-001;20260618;3.0;1;47.5;3.10
0000003266;TS1400-001;20260620;4.0;1;52.1;4.36
0000003267;TS1400-001;20260621;5.1;1;52.4;2.87
0000003268;TS1400-001;20260623;3.6;2;55.6;3.87
0000003269;TS1400-001;20260625;5.4;1;48.7;3.90
0000003270;TS1400-001;20260627;5.3;1;53.7;3.57
0000003271;TS1400-001;20260629;5.5;1;52.8;3.76
0000003272;TS1400-001;20260630;5.4;2;51.0;4.10
0000003273;TS1400-001;20260702;3.6;1;52.3;4.48
0000003274;TS1400-001;20260704;5.4;1;53.1;4.05
0000003275;TS1400-001;20260706;4.3;2;54.5;3.62
0000003276;TS1400-001;20260707;4.7;1;47.2;3.85
0000003277;TS1400-001;20260708;3.3;1;49.7;2.76
0000003278;TS1400-001;20260710;3.1;1;59.2;3.16
0000003279;TS1400-001;20260711;3.4;2;60.9;3.02
0000003280;TS1400-001;20260713;5.1;1;55.2;3.05
0000003281;TS1400-001;20260714;5.3;1;58.5;3.46
0000003282;TS1400-001;20260716;3.5;1;56.1;3.27
0000003283;TS1400-001;20260717;4.2;2;52.1;3.52
0000003284;TS1400-001;20260719;3.8;2;54.0;4.00
0000003285;TS1400-001;20260721;3.1;1;49.3;2.39
0000003286;TS1400-001;20260723;5.0;2;55.8;4.05
0000003287;TS1400-001;20260725;3.6;2;54.0;3.50
0000003288;TS1400-001;20260726;5.3;1;53.5;4.09
0000003289;TS1400-001;20260728;4.4;2;52.5;4.07
0000003290;TS1400-001;20260729;4.7;1;58.3;3.13
0000003291;TS1400-001;20260730;3.5;1;56.5;4.17
0000003292;TS1400-001;20260731;3.2;1;55.5;3.84
0000003293;TS1400-001;20260801;3.1;1;57.4;3.11
0000003294;TS1400-001;20260802;2.6;1;53.0;3.53
0000003295;TS1400-002;20240805;3.7;1;68.2;2.61
0000003296;TS1400-002;20240807;4.6;1;64.9;2.14
0000003297;TS1400-002;20240809;6.9;1;64.0;2.49
0000003298;TS1400-002;20240812;4.9;1;64.5;2.68
0000003299;TS1400-002;20240815;5.0;2;65.3;3.17
0000003300;TS1400-002;20240819;4.9;1;66.9;2.06
0000003301;TS1400-002;20240822;6.1;1;66.3;3.12
0000003302;TS1400-002;20240826;4.9;1;62.1;3.16
0000003303;TS1400-002;20240830;4.5;1;66.8;2.38
0000003304;TS1400-002;20240901;3.0;1;65.9;2.99
0000003305;TS1400-002;20240905;6.7;1;64.0;2.61
0000003306;TS1400-002;20240906;6.0;1;63.5;2.41
0000003307;TS1400-002;20240909;4.5;1;62.3;2.64
0000003308;TS1400-002;20240910;4.3;1;69.0;2.45
0000003309;TS1400-002;20240914;4.2;1;65.9;1.98
0000003310;TS1400-002;20240916;6.0;1;66.1;2.92
0000003311;TS1400-002;20240917;4.9;1;61.6;1.80
0000003312;TS1400-002;20240920;3.9;1;62.8;3.10
0000003313;TS1400-002;20240922;5.2;1;64.9;2.53
0000003314;TS1400-002;20240924;5.9;1;63.2;2.74
0000003315;TS1400-002;20240926;6.7;1;64.4;2.50
0000003316;TS1400-002;20240929;6.5;1;59.6;3.41
0000003317;TS1400-002;20241002;6.4;1;59.7;3.03
0000003318;TS1400-002;20241005;6.2;1;64.8;2.50
0000003319;TS1400-002;20241007;5.6;1;63.4;2.95
0000003320;TS1400-002;20241010;3.1;1;63.1;3.23
0000003321;TS1400-002;20241013;6.8;2;64.1;2.13
0000003322;TS1400-002;20241016;3.9;1;58.9;3.02
0000003323;TS1400-002;20241018;4.6;1;66.5;2.06
0000003324;TS1400-002;20241020;6.2;1;69.0;2.31
0000003325;TS1400-002;20241024;3.0;1;65.5;3.35
0000003326;TS1400-002;20241028;6.6;1;66.6;1.94
0000003327;TS1400-002;20241101;3.9;1;65.7;2.27
0000003328;TS1400-002;20241102;5.2;2;67.0;3.02
0000003329;TS1400-002;20241106;6.9;1;60.8;2.94
0000003330;TS1400-002;20241108;6.7;1;64.4;2.67
0000003331;TS1400-002;20241109;4.8;1;61.2;2.25
0000003332;TS1400-002;20241113;5.0;1;60.7;2.97
0000003333;TS1400-002;20241114;4.5;1;66.1;2.32
0000003334;TS1400-002;20241118;5.8;1;61.0;2.06
0000003335;TS1400-002;20241122;4.9;2;63.2;3.39
0000003336;TS1400-002;20241123;4.8;1;66.2;2.69
0000003337;TS1400-002;20241127;5.5;2;63.7;2.81
0000003338;TS1400-002;20241128;4.0;1;65.7;2.95
0000003339;TS1400-002;20241202;3.9;2;61.9;3.35
0000003340;TS1400-002;20241205;3.9;1;61.8;2.90
0000003341;TS1400-002;20241207;6.4;1;63.4;3.28
0000003342;TS1400-002;20241208;5.4;1;66.4;2.58
0000003343;TS1400-002;20241210;5.3;1;61.5;2.57
0000003344;TS1400-002;20241213;4.4;1;63.9;2.56
0000003345;TS1400-002;20241217;6.7;1;62.1;2.39
0000003346;TS1400-002;20241218;4.0;1;60.5;2.57
0000003347;TS1400-002;20241219;5.2;2;60.9;3.78
0000003348;TS1400-002;20241221;3.1;1;62.3;2.28
0000003349;TS1400-002;20241223;6.8;1;67.1;3.47
0000003350;TS1400-002;20241225;3.4;2;59.8;3.34
0000003351;TS1400-002;20241227;5.7;1;62.6;3.39
0000003352;TS1400-002;20241231;4.4;1;61.1;2.27
0000003353;TS1400-002;20250103;6.6;1;63.2;3.19
0000003354;TS1400-002;20250106;5.3;1;57.9;3.18
0000003355;TS1400-002;20250110;4.0;1;63.2;3.31
0000003356;TS1400-002;20250111;3.3;1;57.2;2.56
0000003357;TS1400-002;20250112;6.3;1;57.0;3.17
0000003358;TS1400-002;20250114;4.5;1;57.5;3.07
0000003359;TS1400-002;20250115;5.1;1;56.5;2.60
0000003360;TS1400-002;20250117;4.2;1;65.7;2.11
0000003361;TS1400-002;20250119;4.7;1;58.3;3.14
0000003362;TS1400-002;20250121;6.8;1;57.1;2.32
0000003363;TS1400-002;20250122;5.2;2;61.2;2.56
0000003364;TS1400-002;20250125;3.5;2;65.4;3.53
0000003365;TS1400-002;20250129;3.2;1;58.3;3.63
0000003366;TS1400-002;20250202;5.1;1;62.4;2.58
0000003367;TS1400-002;20250206;5.4;1;59.1;2.80
0000003368;TS1400-002;20250208;3.1;1;64.7;3.67
0000003369;TS1400-002;20250212;3.5;1;65.1;2.88
0000003370;TS1400-002;20250213;4.0;1;58.5;3.20
0000003371;TS1400-002;20250217;4.9;1;59.2;3.26
0000003372;TS1400-002;20250221;5.5;1;61.4;12.50
0000003373;TS1400-002;20250224;6.8;1;66.0;2.82
0000003374;TS1400-002;20250225;3.1;1;66.5;3.04
0000003375;TS1400-002;20250226;5.9;1;62.8;3.31
0000003376;TS1400-002;20250228;4.2;1;63.5;2.47
0000003377;TS1400-002;20250304;6.1;2;56.9;3.84
0000003378;TS1400-002;20250308;4.9;2;63.5;3.79
0000003379;TS1400-002;20250312;3.7;2;59.2;3.03
0000003380;TS1400-002;20250316;3.1;1;61.4;4.09
0000003381;TS1400-002;20250320;5.6;1;63.0;2.92
0000003382;TS1400-002;20250324;3.7;1;58.7;3.33
0000003383;TS1400-002;20250327;4.4;1;66.5;2.88
0000003384;TS1400-002;20250330;3.4;1;57.3;3.77
0000003385;TS1400-002;20250402;6.4;1;61.3;3.38
0000003386;TS1400-002;20250404;4.4;1;64.7;2.51
0000003387;TS1400-002;20250405;5.0;1;61.4;3.30
0000003388;TS1400-002;20250406;5.2;1;55.4;2.62
0000003389;TS1400-002;20250409;5.8;1;62.7;2.59
0000003390;TS1400-002;20250410;5.5;1;59.7;3.80
0000003391;TS1400-002;20250411;3.4;1;58.3;2.70
0000003392;TS1400-002;20250413;3.1;1;64.3;3.90
0000003393;TS1400-002;20250414;6.4;1;62.9;3.22
0000003394;TS1400-002;20250417;5.1;1;57.6;3.31
0000003395;TS1400-002;20250419;5.8;1;62.0;3.17
0000003396;TS1400-002;20250423;5.4;1;56.9;3.57
0000003397;TS1400-002;20250424;5.2;1;60.1;2.76
0000003398;TS1400-002;20250428;4.9;1;53.2;2.48
0000003399;TS1400-002;20250501;5.4;1;59.1;3.77
0000003400;TS1400-002;20250503;5.5;1;60.4;3.34
0000003401;TS1400-002;20250505;4.4;1;58.2;3.35
0000003402;TS1400-002;20250507;6.7;2;63.3;3.35
0000003403;TS1400-002;20250510;5.3;1;58.2;2.94
0000003404;TS1400-002;20250511;6.9;1;60.8;4.17
0000003405;TS1400-002;20250514;6.4;1;58.6;2.41
0000003406;TS1400-002;20250516;4.2;1;59.6;2.27
0000003407;TS1400-002;20250517;4.3;1;55.7;2.42
0000003408;TS1400-002;20250520;6.0;1;56.1;3.27
0000003409;TS1400-002;20250522;3.7;2;65.4;2.97
0000003410;TS1400-002;20250523;6.3;2;63.1;3.55
0000003411;TS1400-002;20250527;3.6;1;57.3;3.43
0000003412;TS1400-002;20250530;3.2;1;54.4;3.20
0000003413;TS1400-002;20250531;6.0;1;62.8;3.57
0000003414;TS1400-002;20250604;4.8;1;64.5;2.44
0000003415;TS1400-002;20250606;5.7;1;61.2;3.42
0000003416;TS1400-002;20250610;6.2;1;55.9;3.61
0000003417;TS1400-002;20250612;4.5;1;53.6;4.28
0000003418;TS1400-002;20250613;6.0;1;53.4;3.25
0000003419;TS1400-002;20250615;6.6;1;58.9;2.99
0000003420;TS1400-002;20250617;5.3;1;56.7;2.99
0000003421;TS1400-002;20250619;6.2;1;56.4;3.11
0000003422;TS1400-002;20250623;4.5;1;59.3;2.90
0000003423;TS1400-002;20250625;6.9;1;59.6;3.96
0000003424;TS1400-002;20250626;6.2;1;55.5;4.25
0000003425;TS1400-002;20250630;4.2;1;58.4;2.57
0000003426;TS1400-002;20250702;4.8;1;62.5;3.39
0000003427;TS1400-002;20250706;3.2;2;58.6;3.96
0000003428;TS1400-002;20250708;5.9;1;59.1;2.61
0000003429;TS1400-002;20250710;4.8;1;54.5;3.39
0000003430;TS1400-002;20250711;4.5;1;58.1;3.25
0000003431;TS1400-002;20250714;6.7;2;61.4;2.45
0000003432;TS1400-002;20250715;3.6;1;55.3;2.77
0000003433;TS1400-002;20250717;3.3;1;63.5;3.18
0000003434;TS1400-002;20250719;3.3;1;56.3;2.43
0000003435;TS1400-002;20250722;5.5;1;63.2;3.30
0000003436;TS1400-002;20250723;6.4;2;58.2;3.77
0000003437;TS1400-002;20250725;4.2;2;55.4;3.71
0000003438;TS1400-002;20250728;3.8;1;64.9;2.95
0000003439;TS1400-002;20250730;4.9;1;60.9;2.70
0000003440;TS1400-002;20250803;3.4;1;60.6;3.86
0000003441;TS1400-002;20250805;6.5;1;57.5;2.64
0000003442;TS1400-002;20250807;4.8;1;60.6;2.89
0000003443;TS1400-002;20250811;3.4;1;53.6;2.73
0000003444;TS1400-002;20250814;6.9;1;56.1;3.68
0000003445;TS1400-002;20250815;3.1;2;58.7;3.58
0000003446;TS1400-002;20250818;5.0;1;58.6;2.71
0000003447;TS1400-002;20250821;6.4;1;59.8;3.86
0000003448;TS1400-002;20250825;3.8;1;60.4;4.00
0000003449;TS1400-002;20250827;4.9;1;53.0;3.80
0000003450;TS1400-002;20250830;6.8;1;51.3;3.82
0000003451;TS1400-002;20250903;4.1;1;58.3;3.68
0000003452;TS1400-002;20250905;6.6;1;64.3;3.45
0000003453;TS1400-002;20250907;6.3;1;53.3;4.22
0000003454;TS1400-002;20250909;4.0;1;63.5;2.57
0000003455;TS1400-002;20250913;6.1;1;64.5;4.46
0000003456;TS1400-002;20250915;5.6;1;59.1;4.03
0000003457;TS1400-002;20250916;5.9;1;57.9;4.00
0000003458;TS1400-002;20250918;6.3;1;61.5;4.31
0000003459;TS1400-002;20250920;5.8;1;52.2;3.27
0000003460;TS1400-002;20250923;6.6;2;61.8;3.88
0000003461;TS1400-002;20250925;3.1;1;57.4;3.08
0000003462;TS1400-002;20250928;6.5;1;58.5;3.64
0000003463;TS1400-002;20251001;3.6;1;60.2;3.72
0000003464;TS1400-002;20251003;3.2;2;53.5;3.61
0000003465;TS1400-002;20251007;6.2;1;60.6;2.76
0000003466;TS1400-002;20251011;5.3;1;50.7;4.24
0000003467;TS1400-002;20251014;6.8;1;59.5;3.82
0000003468;TS1400-002;20251017;3.9;1;61.8;4.09
0000003469;TS1400-002;20251019;3.0;1;56.7;3.52
0000003470;TS1400-002;20251022;3.7;1;55.6;3.20
0000003471;TS1400-002;20251024;4.2;2;62.5;4.02
0000003472;TS1400-002;20251026;5.8;1;57.4;3.70
0000003473;TS1400-002;20251029;3.2;1;61.7;3.37
0000003474;TS1400-002;20251101;5.8;1;56.9;3.44
0000003475;TS1400-002;20251102;6.2;1;62.8;3.24
0000003476;TS1400-002;20251103;5.8;1;52.9;4.46
0000003477;TS1400-002;20251106;6.1;2;59.5;4.29
0000003478;TS1400-002;20251107;6.6;1;56.4;3.53
0000003479;TS1400-002;20251111;6.6;2;51.5;3.86
0000003480;TS1400-002;20251115;3.5;1;59.6;4.64
0000003481;TS1400-002;20251116;3.8;1;52.2;3.45
0000003482;TS1400-002;20251117;6.8;2;59.1;3.85
0000003483;TS1400-002;20251119;3.6;1;55.7;4.48
0000003484;TS1400-002;20251121;5.5;1;54.2;3.19
0000003485;TS1400-002;20251124;4.9;1;54.8;2.90
0000003486;TS1400-002;20251126;5.4;1;56.6;4.03
0000003487;TS1400-002;20251130;5.2;1;59.3;3.73
0000003488;TS1400-002;20251201;4.9;1;56.7;3.73
0000003489;TS1400-002;20251203;3.2;1;58.3;4.20
0000003490;TS1400-002;20251205;6.2;1;52.0;2.99
0000003491;TS1400-002;20251206;5.3;1;49.4;3.49
0000003492;TS1400-002;20251210;3.1;1;54.3;3.56
0000003493;TS1400-002;20251214;6.9;1;57.7;4.00
0000003494;TS1400-002;20251216;4.8;1;59.8;3.33
0000003495;TS1400-002;20251220;3.0;1;49.8;3.93
0000003496;TS1400-002;20251224;5.5;1;48.7;4.16
0000003497;TS1400-002;20251226;5.1;1;54.5;5.22
0000003498;TS1400-002;20251230;5.6;1;55.8;4.22
0000003499;TS1400-002;20260101;5.9;1;51.1;3.55
0000003500;TS1400-002;20260103;3.6;1;53.5;4.10
0000003501;TS1400-002;20260105;4.0;2;58.4;4.38
0000003502;TS1400-002;20260108;4.0;1;48.9;4.43
0000003503;TS1400-002;20260112;4.0;1;54.7;3.88
0000003504;TS1400-002;20260115;5.8;1;56.8;4.14
0000003505;TS1400-002;20260117;6.2;1;50.3;3.17
0000003506;TS1400-002;20260119;6.6;1;55.3;2.96
0000003507;TS1400-002;20260120;3.6;1;57.5;3.41
0000003508;TS1400-002;20260123;3.0;1;55.3;4.13
0000003509;TS1400-002;20260126;5.0;1;56.9;3.92
0000003510;TS1400-002;20260130;5.1;1;58.6;4.17
0000003511;TS1400-002;20260201;4.6;1;59.7;4.19
0000003512;TS1400-002;20260204;5.3;1;53.3;3.21
0000003513;TS1400-002;20260206;5.0;1;56.5;2.87
0000003514;TS1400-002;20260209;6.0;1;49.8;3.29
0000003515;TS1400-002;20260212;3.8;1;49.0;4.23
0000003516;TS1400-002;20260214;3.6;1;58.0;3.52
0000003517;TS1400-002;20260217;3.2;1;49.9;3.77
0000003518;TS1400-002;20260219;4.8;1;61.2;4.36
0000003519;TS1400-002;20260223;3.7;1;56.8;4.19
0000003520;TS1400-002;20260225;3.3;2;60.2;4.40
0000003521;TS1400-002;20260228;5.9;2;59.1;3.86
0000003522;TS1400-002;20260302;3.5;1;51.2;4.99
0000003523;TS1400-002;20260303;5.5;1;50.4;5.34
0000003524;TS1400-002;20260306;4.4;1;49.4;4.39
0000003525;TS1400-002;20260309;3.8;1;58.5;4.18
0000003526;TS1400-002;20260313;5.7;1;48.7;3.99
0000003527;TS1400-002;20260315;6.8;1;56.4;3.74
0000003528;TS1400-002;20260318;5.7;1;55.2;3.98
0000003529;TS1400-002;20260319;4.2;1;60.7;3.82
0000003530;TS1400-002;20260321;4.7;1;50.0;3.56
0000003531;TS1400-002;20260323;5.9;1;48.1;3.83
0000003532;TS1400-002;20260325;6.9;1;52.0;4.30
0000003533;TS1400-002;20260327;6.8;2;59.6;5.10
0000003534;TS1400-002;20260329;5.0;1;57.5;3.54
0000003535;TS1400-002;20260401;3.1;1;53.2;4.15
0000003536;TS1400-002;20260404;3.3;2;50.7;4.58
0000003537;TS1400-002;20260408;3.1;1;57.1;3.70
0000003538;TS1400-002;20260411;4.9;1;49.1;3.34
0000003539;TS1400-002;20260413;3.1;1;55.7;3.83
0000003540;TS1400-002;20260414;3.3;1;57.1;4.18
0000003541;TS1400-002;20260418;3.1;1;58.2;4.85
0000003542;TS1400-002;20260422;6.6;1;49.1;4.51
0000003543;TS1400-002;20260426;4.8;1;48.6;3.78
0000003544;TS1400-002;20260428;6.7;1;57.6;3.25
0000003545;TS1400-002;20260501;5.5;1;61.5;4.53
0000003546;TS1400-002;20260502;6.1;1;60.4;3.27
0000003547;TS1400-002;20260506;4.0;1;61.0;3.72
0000003548;TS1400-002;20260507;6.1;1;53.8;4.15
0000003549;TS1400-002;20260510;6.4;1;54.3;5.17
0000003550;TS1400-002;20260511;4.2;1;48.2;20.53
0000003551;TS1400-002;20260515;5.6;1;58.5;5.02
0000003552;TS1400-002;20260518;3.6;1;57.5;3.66
0000003553;TS1400-002;20260521;3.7;1;57.2;3.88
0000003554;TS1400-002;20260523;6.1;1;60.0;4.47
0000003555;TS1400-002;20260527;4.0;2;55.7;4.82
0000003556;TS1400-002;20260528;6.5;1;45.5;4.60
0000003557;TS1400-002;20260531;5.3;1;50.3;3.04
0000003558;TS1400-002;20260604;3.2;1;56.7;5.53
0000003559;TS1400-002;20260605;6.7;2;53.9;5.89
0000003560;TS1400-002;20260607;5.1;1;59.3;3.25
0000003561;TS1400-002;20260611;4.1;1;51.4;3.44
0000003562;TS1400-002;20260613;5.2;1;46.8;4.89
0000003563;TS1400-002;20260616;4.4;1;53.3;4.07
0000003564;TS1400-002;20260620;3.7;1;51.1;3.66
0000003565;TS1400-002;20260622;3.4;1;58.1;4.03
0000003566;TS1400-002;20260626;3.0;2;53.0;5.27
0000003567;TS1400-002;20260627;6.5;2;54.3;5.08
0000003568;TS1400-002;20260701;3.7;1;47.8;4.98
0000003569;TS1400-002;20260703;4.1;1;50.7;5.26
0000003570;TS1400-002;20260704;3.7;1;48.6;5.52
0000003571;TS1400-002;20260707;3.9;2;51.2;4.44
0000003572;TS1400-002;20260708;6.4;1;57.1;4.69
0000003573;TS1400-002;20260712;4.8;1;57.1;4.96
0000003574;TS1400-002;20260715;4.8;1;54.2;6.00
0000003575;TS1400-002;20260718;4.0;1;54.3;4.47
0000003576;TS1400-002;20260719;6.8;1;50.5;3.85
0000003577;TS1400-002;20260721;4.1;2;50.5;4.04
0000003578;TS1400-002;20260723;6.0;1;49.5;3.80
0000003579;TS1400-002;20260726;5.4;1;59.2;5.64
0000003580;TS1400-002;20260730;3.0;1;47.6;4.07
0000003581;TS1400-002;20260803;6.6;2;52.6;3.89
0000003582;TS1400-003;20240807;2.9;1;77.6;2.24
0000003583;TS1400-003;20240811;2.5;1;75.0;2.36
0000003584;TS1400-003;20240812;3.0;1;77.5;1.54
0000003585;TS1400-003;20240814;4.4;2;75.3;2.14
0000003586;TS1400-003;20240817;2.6;1;78.3;1.90
0000003587;TS1400-003;20240819;4.3;1;76.7;2.16
0000003588;TS1400-003;20240823;3.0;1;74.4;2.34
0000003589;TS1400-003;20240826;4.3;1;77.9;2.14
0000003590;TS1400-003;20240830;4.0;2;76.0;1.65
0000003591;TS1400-003;20240902;3.2;1;79.0;1.61
0000003592;TS1400-003;20240904;4.1;1;77.9;1.63
0000003593;TS1400-003;20240907;2.1;1;77.2;2.23
0000003594;TS1400-003;20240911;2.0;1;75.6;2.09
0000003595;TS1400-003;20240915;4.3;1;79.7;1.76
0000003596;TS1400-003;20240918;3.1;1;77.7;2.10
0000003597;TS1400-003;20240922;4.4;1;77.3;2.62
0000003598;TS1400-003;20240926;3.9;2;75.6;1.52
0000003599;TS1400-003;20240929;2.8;2;79.6;2.31
0000003600;TS1400-003;20241002;2.7;1;73.5;1.93
0000003601;TS1400-003;20241006;3.6;1;77.3;2.01
0000003602;TS1400-003;20241009;3.2;1;72.8;1.94
0000003603;TS1400-003;20241010;4.3;2;74.4;2.27
0000003604;TS1400-003;20241013;3.4;2;75.3;2.40
0000003605;TS1400-003;20241016;3.0;1;75.3;2.28
0000003606;TS1400-003;20241020;4.4;1;71.8;2.41
0000003607;TS1400-003;20241023;3.6;1;75.1;1.96
0000003608;TS1400-003;20241024;2.1;1;75.9;1.76
0000003609;TS1400-003;20241025;2.6;1;75.8;2.17
0000003610;TS1400-003;20241026;2.5;1;78.0;2.52
0000003611;TS1400-003;20241028;3.9;1;78.2;2.39
0000003612;TS1400-003;20241031;4.4;2;76.6;2.38
0000003613;TS1400-003;20241102;3.4;2;76.6;2.62
0000003614;TS1400-003;20241106;3.8;1;75.7;2.67
0000003615;TS1400-003;20241110;2.3;1;76.8;1.89
0000003616;TS1400-003;20241111;3.8;1;76.5;2.11
0000003617;TS1400-003;20241113;3.5;1;74.9;2.55
0000003618;TS1400-003;20241115;2.6;1;76.7;1.91
0000003619;TS1400-003;20241116;3.9;1;75.1;1.85
0000003620;TS1400-003;20241119;3.2;1;72.5;2.51
0000003621;TS1400-003;20241121;3.7;1;74.3;2.76
0000003622;TS1400-003;20241122;2.1;1;72.0;2.22
0000003623;TS1400-003;20241123;3.0;1;73.3;2.41
0000003624;TS1400-003;20241124;2.1;2;77.6;2.03
0000003625;TS1400-003;20241125;3.5;1;73.8;2.10
0000003626;TS1400-003;20241129;3.2;2;74.3;1.99
0000003627;TS1400-003;20241130;3.5;1;74.8;2.08
0000003628;TS1400-003;20241203;2.9;1;73.1;2.09
0000003629;TS1400-003;20241205;2.8;1;75.6;1.97
0000003630;TS1400-003;20241207;3.9;1;76.1;2.88
0000003631;TS1400-003;20241210;4.1;1;76.5;2.28
0000003632;TS1400-003;20241214;4.4;1;71.8;1.67
0000003633;TS1400-003;20241218;2.1;1;71.8;2.52
0000003634;TS1400-003;20241219;2.0;1;71.7;2.45
0000003635;TS1400-003;20241221;3.3;1;76.6;2.42
0000003636;TS1400-003;20241225;3.9;1;74.2;1.75
0000003637;TS1400-003;20241228;3.8;1;75.0;2.03
0000003638;TS1400-003;20250101;2.4;1;70.8;2.34
0000003639;TS1400-003;20250103;2.1;1;74.7;2.23
0000003640;TS1400-003;20250105;2.0;1;69.1;1.70
0000003641;TS1400-003;20250107;3.9;1;70.1;2.37
0000003642;TS1400-003;20250108;2.9;1;74.6;1.93
0000003643;TS1400-003;20250112;3.8;1;73.1;2.44
0000003644;TS1400-003;20250113;2.2;1;69.3;2.85
0000003645;TS1400-003;20250114;3.6;1;73.3;2.35
0000003646;TS1400-003;20250116;3.2;1;75.0;2.17
0000003647;TS1400-003;20250119;2.7;1;75.0;2.92
0000003648;TS1400-003;20250121;2.1;1;72.0;1.91
0000003649;TS1400-003;20250123;3.7;1;77.3;2.21
0000003650;TS1400-003;20250124;4.0;1;76.2;2.36
0000003651;TS1400-003;20250127;3.9;1;75.0;2.47
0000003652;TS1400-003;20250129;3.9;1;74.1;1.95
0000003653;TS1400-003;20250130;4.3;2;73.6;2.88
0000003654;TS1400-003;20250131;3.5;1;72.9;3.08
0000003655;TS1400-003;20250203;3.4;1;74.2;2.84
0000003656;TS1400-003;20250207;3.7;2;72.7;2.42
0000003657;TS1400-003;20250208;2.0;1;68.7;1.86
0000003658;TS1400-003;20250211;2.2;1;71.9;2.48
0000003659;TS1400-003;20250213;3.3;1;74.1;2.24
0000003660;TS1400-003;20250214;2.5;1;74.1;2.61
0000003661;TS1400-003;20250215;2.7;1;70.6;2.71
0000003662;TS1400-003;20250217;3.5;1;70.9;2.55
0000003663;TS1400-003;20250219;3.4;1;73.4;2.90
0000003664;TS1400-003;20250220;2.3;1;74.5;2.37
0000003665;TS1400-003;20250222;1.9;1;71.0;3.02
0000003666;TS1400-003;20250224;2.1;2;71.4;2.62
0000003667;TS1400-003;20250226;3.2;1;75.5;2.69
0000003668;TS1400-003;20250228;3.8;1;73.7;2.09
0000003669;TS1400-003;20250302;4.4;1;73.0;2.11
0000003670;TS1400-003;20250306;3.5;1;70.4;2.11
0000003671;TS1400-003;20250307;3.0;1;73.9;2.50
0000003672;TS1400-003;20250310;3.4;1;75.7;2.42
0000003673;TS1400-003;20250314;2.5;1;72.3;2.49
0000003674;TS1400-003;20250318;1.9;2;72.0;2.23
0000003675;TS1400-003;20250320;2.9;1;71.8;2.55
0000003676;TS1400-003;20250322;3.1;1;72.7;2.73
0000003677;TS1400-003;20250325;3.6;2;75.0;3.30
0000003678;TS1400-003;20250327;3.3;1;67.1;2.85
0000003679;TS1400-003;20250329;3.4;1;70.0;2.93
0000003680;TS1400-003;20250401;2.7;1;76.1;2.20
0000003681;TS1400-003;20250404;3.8;1;73.3;2.50
0000003682;TS1400-003;20250408;3.6;1;71.2;2.08
0000003683;TS1400-003;20250411;3.7;1;71.0;2.65
0000003684;TS1400-003;20250412;3.0;2;70.9;2.73
0000003685;TS1400-003;20250415;3.1;1;69.0;2.02
0000003686;TS1400-003;20250416;3.8;1;70.9;1.90
0000003687;TS1400-003;20250418;2.2;1;70.6;2.97
0000003688;TS1400-003;20250420;4.2;1;68.5;2.84
0000003689;TS1400-003;20250422;2.5;1;71.9;3.08
0000003690;TS1400-003;20250424;4.4;1;68.9;2.04
0000003691;TS1400-003;20250426;3.2;1;72.7;3.25
0000003692;TS1400-003;20250428;4.0;1;67.5;2.62
0000003693;TS1400-003;20250429;3.1;1;69.5;2.29
0000003694;TS1400-003;20250430;2.9;1;71.6;2.44
0000003695;TS1400-003;20250504;2.7;1;67.4;2.24
0000003696;TS1400-003;20250505;2.8;1;71.9;2.52
0000003697;TS1400-003;20250508;3.8;1;73.7;2.97
0000003698;TS1400-003;20250511;3.8;1;71.6;1.91
0000003699;TS1400-003;20250514;3.3;1;69.5;3.21
0000003700;TS1400-003;20250517;3.4;1;71.1;2.81
0000003701;TS1400-003;20250521;3.7;1;73.8;3.15
0000003702;TS1400-003;20250525;3.0;1;67.3;3.06
0000003703;TS1400-003;20250526;2.4;1;65.3;2.69
0000003704;TS1400-003;20250530;3.0;1;72.2;2.65
0000003705;TS1400-003;20250602;2.3;1;71.3;2.32
0000003706;TS1400-003;20250603;2.8;1;75.7;2.78
0000003707;TS1400-003;20250606;4.0;1;70.9;2.34
0000003708;TS1400-003;20250608;3.5;1;71.3;2.68
0000003709;TS1400-003;20250612;2.9;1;66.8;2.28
0000003710;TS1400-003;20250616;4.1;2;69.9;2.81
0000003711;TS1400-003;20250617;4.0;1;73.8;2.18
0000003712;TS1400-003;20250621;3.2;1;68.1;2.79
0000003713;TS1400-003;20250624;3.9;1;68.5;3.16
0000003714;TS1400-003;20250628;3.9;1;71.6;3.52
0000003715;TS1400-003;20250630;3.7;1;65.6;1.87
0000003716;TS1400-003;20250703;3.6;1;70.4;2.63
0000003717;TS1400-003;20250704;2.8;2;71.1;3.34
0000003718;TS1400-003;20250706;3.9;1;71.5;3.14
0000003719;TS1400-003;20250710;2.6;1;69.2;2.88
0000003720;TS1400-003;20250713;2.0;1;70.3;2.16
0000003721;TS1400-003;20250716;3.6;1;67.8;2.55
0000003722;TS1400-003;20250719;4.0;1;70.0;2.36
0000003723;TS1400-003;20250723;2.6;1;72.2;3.50
0000003724;TS1400-003;20250724;3.2;1;71.8;3.22
0000003725;TS1400-003;20250725;3.7;1;66.3;2.23
0000003726;TS1400-003;20250728;4.0;1;70.9;2.82
0000003727;TS1400-003;20250730;2.1;1;72.0;2.97
0000003728;TS1400-003;20250802;3.3;1;74.3;3.19
0000003729;TS1400-003;20250804;2.1;1;68.0;3.45
0000003730;TS1400-003;20250807;3.8;2;69.6;2.16
0000003731;TS1400-003;20250808;3.5;1;69.2;2.57
0000003732;TS1400-003;20250812;2.7;1;68.4;3.72
0000003733;TS1400-003;20250813;2.2;1;68.4;3.80
0000003734;TS1400-003;20250815;4.0;1;71.7;3.61
0000003735;TS1400-003;20250816;3.8;1;65.2;2.72
0000003736;TS1400-003;20250818;4.1;1;67.6;3.15
0000003737;TS1400-003;20250819;2.2;1;69.7;3.22
0000003738;TS1400-003;20250820;3.2;1;66.9;3.24
0000003739;TS1400-003;20250822;3.2;1;66.8;2.13
0000003740;TS1400-003;20250826;4.1;1;68.9;2.40
0000003741;TS1400-003;20250828;2.8;2;64.6;2.56
0000003742;TS1400-003;20250831;2.8;1;67.3;3.46
0000003743;TS1400-003;20250904;4.0;1;69.2;2.61
0000003744;TS1400-003;20250906;3.5;1;69.4;3.50
0000003745;TS1400-003;20250908;1.9;1;72.1;3.17
0000003746;TS1400-003;20250911;3.3;1;74.4;3.33
0000003747;TS1400-003;20250913;3.5;1;70.1;3.51
0000003748;TS1400-003;20250917;2.8;1;69.3;2.78
0000003749;TS1400-003;20250919;3.4;1;63.0;2.82
0000003750;TS1400-003;20250920;3.7;1;69.3;3.84
0000003751;TS1400-003;20250921;3.3;1;62.8;2.83
0000003752;TS1400-003;20250925;3.8;1;68.7;2.44
0000003753;TS1400-003;20250927;4.1;1;66.2;3.66
0000003754;TS1400-003;20251001;4.3;1;64.9;3.65
0000003755;TS1400-003;20251004;2.3;1;63.4;2.24
0000003756;TS1400-003;20251008;3.2;2;71.0;3.60
0000003757;TS1400-003;20251011;3.6;1;66.3;3.03
0000003758;TS1400-003;20251015;3.5;1;71.5;2.92
0000003759;TS1400-003;20251017;3.6;1;69.3;3.36
0000003760;TS1400-003;20251018;2.6;1;67.7;3.39
0000003761;TS1400-003;20251020;4.1;1;66.7;3.21
0000003762;TS1400-003;20251024;2.7;1;66.4;2.36
0000003763;TS1400-003;20251028;2.9;1;67.8;2.61
0000003764;TS1400-003;20251031;2.4;1;72.4;2.88
0000003765;TS1400-003;20251102;4.3;2;63.1;3.35
0000003766;TS1400-003;20251104;3.8;1;61.8;3.20
0000003767;TS1400-003;20251105;2.2;1;60.6;3.33
0000003768;TS1400-003;20251108;2.4;1;71.4;3.34
0000003769;TS1400-003;20251111;2.2;1;61.2;3.15
0000003770;TS1400-003;20251114;2.0;1;71.5;3.19
0000003771;TS1400-003;20251118;1.9;1;62.6;3.74
0000003772;TS1400-003;20251121;3.0;1;69.2;3.50
0000003773;TS1400-003;20251123;4.4;1;64.3;3.26
0000003774;TS1400-003;20251127;2.3;2;65.8;3.12
0000003775;TS1400-003;20251130;2.9;1;67.5;3.77
0000003776;TS1400-003;20251201;2.3;1;62.6;3.19
0000003777;TS1400-003;20251202;2.4;1;61.8;2.66
0000003778;TS1400-003;20251204;2.5;1;66.0;2.76
0000003779;TS1400-003;20251205;3.1;1;65.6;3.67
0000003780;TS1400-003;20251207;3.8;2;63.5;2.69
0000003781;TS1400-003;20251210;4.0;1;64.4;2.39
0000003782;TS1400-003;20251212;4.2;1;65.9;3.21
0000003783;TS1400-003;20251215;3.1;1;66.3;3.25
0000003784;TS1400-003;20251218;4.4;2;70.8;3.86
0000003785;TS1400-003;20251222;2.4;2;63.6;2.62
0000003786;TS1400-003;20251226;3.3;1;67.6;3.48
0000003787;TS1400-003;20251229;2.0;1;69.1;2.38
0000003788;TS1400-003;20260101;3.1;1;61.7;3.26
0000003789;TS1400-003;20260102;2.0;1;61.9;2.38
0000003790;TS1400-003;20260106;3.5;1;63.8;3.78
0000003791;TS1400-003;20260110;2.1;1;62.1;3.57
0000003792;TS1400-003;20260112;2.9;1;62.9;4.05
0000003793;TS1400-003;20260116;1.9;1;61.0;3.54
0000003794;TS1400-003;20260117;4.1;1;60.0;3.91
0000003795;TS1400-003;20260121;3.8;1;61.3;3.63
0000003796;TS1400-003;20260122;2.9;1;68.5;3.30
0000003797;TS1400-003;20260123;3.7;2;66.6;3.45
0000003798;TS1400-003;20260125;1.9;1;59.7;2.79
0000003799;TS1400-003;20260129;2.7;1;61.7;4.28
0000003800;TS1400-003;20260202;2.3;1;64.6;4.14
0000003801;TS1400-003;20260205;3.9;1;65.0;2.95
0000003802;TS1400-003;20260209;2.7;1;61.1;3.32
0000003803;TS1400-003;20260213;3.4;2;69.1;3.56
0000003804;TS1400-003;20260216;4.4;1;62.4;3.10
0000003805;TS1400-003;20260217;2.2;2;69.7;3.34
0000003806;TS1400-003;20260219;2.6;1;66.2;3.64
0000003807;TS1400-003;20260223;4.1;1;65.4;3.03
0000003808;TS1400-003;20260225;2.3;1;58.1;3.74
0000003809;TS1400-003;20260227;3.0;1;62.4;4.21
0000003810;TS1400-003;20260303;3.5;1;64.3;3.61
0000003811;TS1400-003;20260304;4.2;1;62.5;2.79
0000003812;TS1400-003;20260307;2.8;1;67.2;3.65
0000003813;TS1400-003;20260309;2.4;1;64.2;3.00
0000003814;TS1400-003;20260313;4.1;1;69.0;3.57
0000003815;TS1400-003;20260316;4.2;1;62.2;3.82
0000003816;TS1400-003;20260319;4.2;1;62.5;3.67
0000003817;TS1400-003;20260322;2.3;1;61.5;3.53
0000003818;TS1400-003;20260323;4.1;2;59.2;2.95
0000003819;TS1400-003;20260326;3.1;1;67.7;4.33
0000003820;TS1400-003;20260329;1.9;1;61.6;2.79
0000003821;TS1400-003;20260331;3.2;1;58.1;4.21
0000003822;TS1400-003;20260402;4.3;1;66.1;2.63
0000003823;TS1400-003;20260404;2.6;1;66.4;4.25
0000003824;TS1400-003;20260407;4.0;1;63.9;3.27
0000003825;TS1400-003;20260408;3.7;1;61.0;4.01
0000003826;TS1400-003;20260412;3.1;1;69.1;3.40
0000003827;TS1400-003;20260415;3.4;1;65.5;3.45
0000003828;TS1400-003;20260416;3.5;1;65.3;3.64
0000003829;TS1400-003;20260418;4.3;1;61.5;3.84
0000003830;TS1400-003;20260419;3.4;1;64.6;3.36
0000003831;TS1400-003;20260423;2.2;1;61.4;3.55
0000003832;TS1400-003;20260426;2.6;1;63.7;3.71
0000003833;TS1400-003;20260429;3.0;2;64.7;3.34
0000003834;TS1400-003;20260501;2.7;1;61.7;3.40
0000003835;TS1400-003;20260505;2.9;1;63.5;2.81
0000003836;TS1400-003;20260506;2.5;1;62.7;3.79
0000003837;TS1400-003;20260507;2.7;1;60.0;3.89
0000003838;TS1400-003;20260510;2.9;1;66.9;3.16
0000003839;TS1400-003;20260511;4.3;1;66.0;3.21
0000003840;TS1400-003;20260514;3.3;1;66.9;3.06
0000003841;TS1400-003;20260517;2.7;1;66.8;3.84
0000003842;TS1400-003;20260519;2.9;1;67.2;3.45
0000003843;TS1400-003;20260521;4.1;1;56.7;3.22
0000003844;TS1400-003;20260523;1.9;1;61.5;4.66
0000003845;TS1400-003;20260524;3.2;1;61.8;4.46
0000003846;TS1400-003;20260525;4.3;1;60.3;3.90
0000003847;TS1400-003;20260529;2.3;1;60.8;2.89
0000003848;TS1400-003;20260531;3.3;1;59.8;4.22
0000003849;TS1400-003;20260604;3.3;1;61.9;3.26
0000003850;TS1400-003;20260605;3.6;2;63.8;3.14
0000003851;TS1400-003;20260609;2.6;1;64.0;3.73
0000003852;TS1400-003;20260612;1.9;1;68.1;2.82
0000003853;TS1400-003;20260616;2.4;1;67.2;3.24
0000003854;TS1400-003;20260619;3.0;2;62.3;3.93
0000003855;TS1400-003;20260623;3.4;1;61.7;3.78
0000003856;TS1400-003;20260624;1.9;1;64.6;2.71
0000003857;TS1400-003;20260628;3.3;1;67.2;3.59
0000003858;TS1400-003;20260701;2.8;1;67.9;3.62
0000003859;TS1400-003;20260704;3.3;1;58.1;4.00
0000003860;TS1400-003;20260705;3.5;2;61.1;2.77
0000003861;TS1400-003;20260708;4.3;1;66.1;3.66
0000003862;TS1400-003;20260711;2.2;1;58.1;3.88
0000003863;TS1400-003;20260714;3.4;2;62.0;3.04
0000003864;TS1400-003;20260717;3.0;1;69.2;3.38
0000003865;TS1400-003;20260720;3.5;1;58.8;4.05
0000003866;TS1400-003;20260722;2.0;1;67.7;3.21
0000003867;TS1400-003;20260723;3.3;1;69.2;2.83
0000003868;TS1400-003;20260725;2.0;1;59.3;3.90
0000003869;TS1400-003;20260726;4.1;1;64.5;4.88
0000003870;TS1400-003;20260728;4.0;1;60.9;3.96
0000003871;TS1400-003;20260730;4.1;1;60.1;3.57
0000003872;TS1400-003;20260801;3.2;1;58.0;3.15
0000003873;TS1400-004;20240930;1.9;2;77.0;1.46
0000003874;TS1400-004;20241004;3.1;2;75.6;1.77
0000003875;TS1400-004;20241006;2.3;1;75.8;1.20
0000003876;TS1400-004;20241010;2.6;1;74.9;1.46
0000003877;TS1400-004;20241014;2.8;1;78.6;1.62
0000003878;TS1400-004;20241017;2.4;1;74.0;1.79
0000003879;TS1400-004;20241021;2.0;1;74.2;1.93
0000003880;TS1400-004;20241022;2.2;1;76.4;1.98
0000003881;TS1400-004;20241026;2.4;1;76.2;1.55
0000003882;TS1400-004;20241027;2.6;1;76.7;1.24
0000003883;TS1400-004;20241029;2.4;1;74.3;1.38
0000003884;TS1400-004;20241102;2.6;1;75.0;1.10
0000003885;TS1400-004;20241104;2.9;1;74.9;1.25
0000003886;TS1400-004;20241105;1.8;1;74.3;1.75
0000003887;TS1400-004;20241107;2.3;2;77.0;1.95
0000003888;TS1400-004;20241110;2.7;2;73.3;1.24
0000003889;TS1400-004;20241113;2.8;1;78.1;1.49
0000003890;TS1400-004;20241116;3.0;1;73.4;1.21
0000003891;TS1400-004;20241120;1.6;1;74.6;1.81
0000003892;TS1400-004;20241121;1.6;2;77.0;1.19
0000003893;TS1400-004;20241125;2.8;1;75.6;2.09
0000003894;TS1400-004;20241128;1.9;1;76.0;2.02
0000003895;TS1400-004;20241202;2.4;1;73.5;2.00
0000003896;TS1400-004;20241204;2.2;2;76.5;1.65
0000003897;TS1400-004;20241207;3.0;1;74.9;1.49
0000003898;TS1400-004;20241210;2.3;1;75.8;1.98
0000003899;TS1400-004;20241211;3.1;1;74.0;1.36
0000003900;TS1400-004;20241213;2.5;2;73.0;1.86
0000003901;TS1400-004;20241215;3.1;1;75.8;2.26
0000003902;TS1400-004;20241217;2.6;2;74.1;1.88
0000003903;TS1400-004;20241220;1.5;1;75.7;1.91
0000003904;TS1400-004;20241224;3.2;1;75.2;1.24
0000003905;TS1400-004;20241228;1.7;1;73.7;1.65
0000003906;TS1400-004;20241231;2.1;1;71.7;2.08
0000003907;TS1400-004;20250101;2.5;2;76.6;1.38
0000003908;TS1400-004;20250105;2.2;1;76.1;1.37
0000003909;TS1400-004;20250107;1.4;1;75.2;1.39
0000003910;TS1400-004;20250111;2.3;1;72.3;1.98
0000003911;TS1400-004;20250115;2.3;1;72.6;2.07
0000003912;TS1400-004;20250118;3.0;1;73.1;1.47
0000003913;TS1400-004;20250120;1.4;1;74.6;1.32
0000003914;TS1400-004;20250121;1.8;1;73.5;1.49
0000003915;TS1400-004;20250124;2.6;1;70.0;1.93
0000003916;TS1400-004;20250125;2.0;1;73.4;2.15
0000003917;TS1400-004;20250129;1.6;1;74.8;1.41
0000003918;TS1400-004;20250131;1.5;2;72.5;1.55
0000003919;TS1400-004;20250201;1.5;1;71.1;2.42
0000003920;TS1400-004;20250202;3.0;1;71.4;1.41
0000003921;TS1400-004;20250204;2.3;1;72.7;1.75
0000003922;TS1400-004;20250208;2.5;1;71.5;1.44
0000003923;TS1400-004;20250212;2.0;1;74.3;1.74
0000003924;TS1400-004;20250213;2.1;2;73.2;2.04
0000003925;TS1400-004;20250214;3.0;1;76.5;1.87
0000003926;TS1400-004;20250217;2.1;1;73.3;2.40
0000003927;TS1400-004;20250220;3.2;2;69.0;2.25
0000003928;TS1400-004;20250221;1.7;1;72.1;2.27
0000003929;TS1400-004;20250222;2.1;1;71.5;1.96
0000003930;TS1400-004;20250225;1.4;1;70.6;1.38
0000003931;TS1400-004;20250228;1.6;1;73.2;2.02
0000003932;TS1400-004;20250302;1.4;1;73.2;1.42
0000003933;TS1400-004;20250306;2.1;1;74.6;1.59
0000003934;TS1400-004;20250308;1.8;1;73.5;1.72
0000003935;TS1400-004;20250310;1.7;1;69.3;1.95
0000003936;TS1400-004;20250314;2.1;2;71.3;2.38
0000003937;TS1400-004;20250316;1.9;1;72.0;1.59
0000003938;TS1400-004;20250317;2.3;1;72.1;2.00
0000003939;TS1400-004;20250320;2.0;1;68.7;1.96
0000003940;TS1400-004;20250321;3.2;1;73.2;1.73
0000003941;TS1400-004;20250325;1.7;1;71.1;2.28
0000003942;TS1400-004;20250327;2.8;1;74.6;1.74
0000003943;TS1400-004;20250331;2.6;1;72.5;1.75
0000003944;TS1400-004;20250404;1.9;1;74.1;1.84
0000003945;TS1400-004;20250407;2.8;1;69.4;2.13
0000003946;TS1400-004;20250411;3.0;1;69.8;2.46
0000003947;TS1400-004;20250415;1.7;1;71.9;2.14
0000003948;TS1400-004;20250419;2.5;2;71.8;2.06
0000003949;TS1400-004;20250421;3.0;1;71.0;2.68
0000003950;TS1400-004;20250424;2.6;1;72.8;1.92
0000003951;TS1400-004;20250428;1.4;2;68.7;1.67
0000003952;TS1400-004;20250429;3.0;1;73.3;2.09
0000003953;TS1400-004;20250430;1.8;1;69.1;1.84
0000003954;TS1400-004;20250501;2.4;1;68.3;1.83
0000003955;TS1400-004;20250504;2.8;1;70.7;2.58
0000003956;TS1400-004;20250506;2.8;1;68.1;2.31
0000003957;TS1400-004;20250508;3.2;1;69.4;2.36
0000003958;TS1400-004;20250509;1.9;1;69.1;2.05
0000003959;TS1400-004;20250510;2.7;2;67.8;2.01
0000003960;TS1400-004;20250514;2.9;1;70.5;2.78
0000003961;TS1400-004;20250517;1.5;1;72.3;1.79
0000003962;TS1400-004;20250521;2.9;2;71.6;2.05
0000003963;TS1400-004;20250525;2.4;1;67.1;1.70
0000003964;TS1400-004;20250528;2.7;1;73.0;2.23
0000003965;TS1400-004;20250530;1.4;2;69.0;1.59
0000003966;TS1400-004;20250601;3.1;1;69.1;2.45
0000003967;TS1400-004;20250603;3.2;2;69.3;2.35
0000003968;TS1400-004;20250606;2.0;1;67.6;2.27
0000003969;TS1400-004;20250610;2.3;1;69.2;1.82
0000003970;TS1400-004;20250611;2.1;1;71.9;1.83
0000003971;TS1400-004;20250614;2.8;1;71.9;2.19
0000003972;TS1400-004;20250615;1.4;2;72.9;2.19
0000003973;TS1400-004;20250616;2.2;1;70.9;1.80
0000003974;TS1400-004;20250618;1.7;1;70.4;2.28
0000003975;TS1400-004;20250619;2.2;2;69.8;2.21
0000003976;TS1400-004;20250621;3.1;2;71.2;2.56
0000003977;TS1400-004;20250622;2.7;1;65.7;2.53
0000003978;TS1400-004;20250626;1.6;1;69.2;2.50
0000003979;TS1400-004;20250630;1.7;1;66.5;1.47
0000003980;TS1400-004;20250702;2.3;2;71.6;2.77
0000003981;TS1400-004;20250705;3.1;1;69.9;1.96
0000003982;TS1400-004;20250706;1.4;1;68.4;2.23
0000003983;TS1400-004;20250709;2.2;2;70.1;2.52
0000003984;TS1400-004;20250712;2.5;1;66.6;1.88
0000003985;TS1400-004;20250715;1.8;1;69.5;2.19
0000003986;TS1400-004;20250717;2.7;1;71.6;2.76
0000003987;TS1400-004;20250718;2.3;1;65.0;2.80
0000003988;TS1400-004;20250720;3.2;1;68.6;2.06
0000003989;TS1400-004;20250723;1.5;1;67.6;2.33
0000003990;TS1400-004;20250726;1.4;1;69.6;2.24
0000003991;TS1400-004;20250729;2.4;1;67.2;2.96
0000003992;TS1400-004;20250731;3.0;1;69.0;2.38
0000003993;TS1400-004;20250804;2.8;1;67.6;2.56
0000003994;TS1400-004;20250806;1.7;1;69.7;3.05
0000003995;TS1400-004;20250809;1.8;1;67.8;2.29
0000003996;TS1400-004;20250813;2.8;1;65.7;2.52
0000003997;TS1400-004;20250816;2.9;1;65.7;2.39
0000003998;TS1400-004;20250818;1.4;1;66.8;2.20
0000003999;TS1400-004;20250820;2.1;1;67.6;1.83
0000004000;TS1400-004;20250821;2.3;1;68.1;2.62
0000004001;TS1400-004;20250822;2.0;1;66.7;2.93
0000004002;TS1400-004;20250825;2.8;2;71.3;2.66
0000004003;TS1400-004;20250827;3.1;1;64.8;2.19
0000004004;TS1400-004;20250831;2.4;1;67.6;2.34
0000004005;TS1400-004;20250904;1.9;1;67.0;2.20
0000004006;TS1400-004;20250907;3.0;1;66.7;2.76
0000004007;TS1400-004;20250909;1.5;1;67.6;2.27
0000004008;TS1400-004;20250912;2.2;1;67.1;2.98
0000004009;TS1400-004;20250914;1.7;1;67.1;2.16
0000004010;TS1400-004;20250915;2.7;1;65.7;2.57
0000004011;TS1400-004;20250916;2.4;1;70.5;2.92
0000004012;TS1400-004;20250917;2.0;1;70.8;1.68
0000004013;TS1400-004;20250919;1.4;2;65.5;3.30
0000004014;TS1400-004;20250922;2.5;1;63.5;2.50
0000004015;TS1400-004;20250923;2.4;2;63.0;2.51
0000004016;TS1400-004;20250925;2.0;1;65.8;2.20
0000004017;TS1400-004;20250927;3.2;1;69.8;2.74
0000004018;TS1400-004;20250929;3.1;1;68.3;2.10
0000004019;TS1400-004;20251001;1.8;2;67.4;2.63
0000004020;TS1400-004;20251005;1.6;1;67.6;3.11
0000004021;TS1400-004;20251007;2.7;1;66.8;2.38
0000004022;TS1400-004;20251010;2.1;1;66.0;2.86
0000004023;TS1400-004;20251013;2.3;1;65.4;2.57
0000004024;TS1400-004;20251015;2.6;1;65.5;3.00
0000004025;TS1400-004;20251018;3.1;1;65.4;2.65
0000004026;TS1400-004;20251019;1.8;1;67.6;2.25
0000004027;TS1400-004;20251022;2.4;1;62.8;2.89
0000004028;TS1400-004;20251023;2.3;1;64.0;3.00
0000004029;TS1400-004;20251026;1.5;1;66.4;2.60
0000004030;TS1400-004;20251030;1.6;1;66.0;3.34
0000004031;TS1400-004;20251102;1.8;1;70.2;2.78
0000004032;TS1400-004;20251104;2.8;1;67.0;2.71
0000004033;TS1400-004;20251105;1.5;1;68.3;2.98
0000004034;TS1400-004;20251108;2.2;1;66.5;3.10
0000004035;TS1400-004;20251112;3.1;2;64.3;3.14
0000004036;TS1400-004;20251115;2.8;1;64.3;2.36
0000004037;TS1400-004;20251116;2.6;1;62.0;2.82
0000004038;TS1400-004;20251117;1.9;1;62.3;2.72
0000004039;TS1400-004;20251119;2.9;1;64.5;2.59
0000004040;TS1400-004;20251122;2.7;2;67.1;2.66
0000004041;TS1400-004;20251124;1.4;1;64.2;2.68
0000004042;TS1400-004;20251126;2.3;1;64.9;3.01
0000004043;TS1400-004;20251128;2.1;1;65.4;3.10
0000004044;TS1400-004;20251201;1.4;1;60.0;2.83
0000004045;TS1400-004;20251205;1.7;1;60.1;2.92
0000004046;TS1400-004;20251208;2.9;1;64.7;2.81
0000004047;TS1400-004;20251209;1.7;1;63.9;3.27
0000004048;TS1400-004;20251211;2.6;2;61.5;3.41
0000004049;TS1400-004;20251215;3.1;1;60.8;2.11
0000004050;TS1400-004;20251218;1.7;1;63.9;3.43
0000004051;TS1400-004;20251220;2.1;2;67.9;2.33
0000004052;TS1400-004;20251223;2.9;1;63.9;2.50
0000004053;TS1400-004;20251225;2.6;1;67.8;2.68
0000004054;TS1400-004;20251228;1.6;1;67.3;2.71
0000004055;TS1400-004;20251230;2.8;1;67.9;2.39
0000004056;TS1400-004;20260102;2.6;1;65.7;3.02
0000004057;TS1400-004;20260106;2.1;1;63.4;3.39
0000004058;TS1400-004;20260110;2.9;1;62.7;2.38
0000004059;TS1400-004;20260112;2.6;1;63.4;2.28
0000004060;TS1400-004;20260115;2.1;2;61.2;2.53
0000004061;TS1400-004;20260118;2.5;1;68.6;2.68
0000004062;TS1400-004;20260121;2.3;2;64.3;2.76
0000004063;TS1400-004;20260124;3.1;1;64.9;2.33
0000004064;TS1400-004;20260126;2.9;1;61.6;2.52
0000004065;TS1400-004;20260130;3.0;1;62.8;2.85
0000004066;TS1400-004;20260201;1.9;1;61.8;2.69
0000004067;TS1400-004;20260205;2.5;1;62.7;2.55
0000004068;TS1400-004;20260206;1.5;1;64.6;2.34
0000004069;TS1400-004;20260210;1.8;1;65.1;3.33
0000004070;TS1400-004;20260213;3.1;1;59.1;2.81
0000004071;TS1400-004;20260215;3.1;1;62.5;3.25
0000004072;TS1400-004;20260218;1.5;1;64.5;2.15
0000004073;TS1400-004;20260219;2.2;1;65.2;2.10
0000004074;TS1400-004;20260221;3.1;1;58.6;3.77
0000004075;TS1400-004;20260223;2.7;1;58.9;2.54
0000004076;TS1400-004;20260225;1.9;1;59.7;2.31
0000004077;TS1400-004;20260226;2.6;1;61.9;3.08
0000004078;TS1400-004;20260302;2.7;1;67.2;2.84
0000004079;TS1400-004;20260303;2.4;1;66.1;2.68
0000004080;TS1400-004;20260304;1.8;2;60.8;3.18
0000004081;TS1400-004;20260305;2.6;2;57.8;3.31
0000004082;TS1400-004;20260306;1.5;1;62.7;2.40
0000004083;TS1400-004;20260309;3.1;1;57.4;3.21
0000004084;TS1400-004;20260310;3.1;1;65.5;3.17
0000004085;TS1400-004;20260313;2.1;1;59.8;3.13
0000004086;TS1400-004;20260315;2.8;1;58.7;2.83
0000004087;TS1400-004;20260316;1.6;1;63.2;2.56
0000004088;TS1400-004;20260320;2.0;2;62.7;3.60
0000004089;TS1400-004;20260324;1.5;1;62.1;2.45
0000004090;TS1400-004;20260327;2.6;2;59.0;2.95
0000004091;TS1400-004;20260331;2.1;1;67.0;2.17
0000004092;TS1400-004;20260401;2.8;2;57.6;3.37
0000004093;TS1400-004;20260403;2.8;1;59.8;2.65
0000004094;TS1400-004;20260404;1.7;1;62.3;3.29
0000004095;TS1400-004;20260407;1.5;1;59.5;3.55
0000004096;TS1400-004;20260411;2.9;1;64.1;3.11
0000004097;TS1400-004;20260413;3.1;1;67.8;3.04
0000004098;TS1400-004;20260416;2.2;2;63.8;3.48
0000004099;TS1400-004;20260417;3.1;1;63.7;3.30
0000004100;TS1400-004;20260418;2.9;1;61.0;3.16
0000004101;TS1400-004;20260422;1.5;1;64.7;2.96
0000004102;TS1400-004;20260425;3.0;1;60.5;3.84
0000004103;TS1400-004;20260427;1.6;1;62.6;2.69
0000004104;TS1400-004;20260429;2.0;1;66.6;3.08
0000004105;TS1400-004;20260430;1.6;1;63.3;2.61
0000004106;TS1400-004;20260502;1.5;2;54.8;3.27
0000004107;TS1400-004;20260504;2.8;1;61.6;2.19
0000004108;TS1400-004;20260506;3.0;1;65.6;3.24
0000004109;TS1400-004;20260507;1.9;1;65.1;3.21
0000004110;TS1400-004;20260511;2.9;1;62.9;2.73
0000004111;TS1400-004;20260512;1.7;1;61.1;2.75
0000004112;TS1400-004;20260513;3.0;1;55.9;2.60
0000004113;TS1400-004;20260514;2.7;1;62.4;3.01
0000004114;TS1400-004;20260518;2.4;1;64.6;2.90
0000004115;TS1400-004;20260521;2.4;2;63.4;2.48
0000004116;TS1400-004;20260522;2.6;2;60.6;2.75
0000004117;TS1400-004;20260525;2.1;1;57.3;2.85
0000004118;TS1400-004;20260526;1.7;1;63.3;2.67
0000004119;TS1400-004;20260529;2.1;1;65.3;3.53
0000004120;TS1400-004;20260602;1.7;1;65.4;3.28
0000004121;TS1400-004;20260604;2.1;2;64.8;3.49
0000004122;TS1400-004;20260608;1.5;1;61.4;3.61
0000004123;TS1400-004;20260609;3.1;2;56.8;3.24
0000004124;TS1400-004;20260613;2.0;1;66.5;3.38
0000004125;TS1400-004;20260616;1.9;1;56.3;3.59
0000004126;TS1400-004;20260620;2.9;1;57.4;3.37
0000004127;TS1400-004;20260622;2.1;1;59.9;3.38
0000004128;TS1400-004;20260624;3.0;1;65.2;3.06
0000004129;TS1400-004;20260628;2.5;1;66.2;3.05
0000004130;TS1400-004;20260702;3.0;1;53.9;3.50
0000004131;TS1400-004;20260705;1.6;1;62.9;3.49
0000004132;TS1400-004;20260706;3.1;1;65.4;3.33
0000004133;TS1400-004;20260709;1.4;2;66.1;4.28
0000004134;TS1400-004;20260712;1.4;2;59.6;3.31
0000004135;TS1400-004;20260713;2.4;1;62.6;2.44
0000004136;TS1400-004;20260714;3.0;2;61.5;2.65
0000004137;TS1400-004;20260718;2.2;1;58.9;3.71
0000004138;TS1400-004;20260719;2.9;2;59.0;2.75
0000004139;TS1400-004;20260721;2.4;1;57.7;3.34
0000004140;TS1400-004;20260725;1.5;1;55.2;4.00
0000004141;TS1400-004;20260727;2.6;1;53.7;3.36
0000004142;TS1400-004;20260730;1.5;1;56.3;3.13
0000004143;TS1400-004;20260802;2.9;1;60.4;3.69
0000004144;TF10000-001;20260116;0.6;2;86.1;1.70
0000004145;TF10000-001;20260121;0.5;1;84.5;1.09
0000004146;TF10000-001;20260128;0.4;1;84.1;1.89
0000004147;TF10000-001;20260131;0.6;1;83.9;1.47
0000004148;TF10000-001;20260202;0.6;1;83.7;1.97
0000004149;TF10000-001;20260204;0.4;1;83.1;2.00
0000004150;TF10000-001;20260209;0.5;1;85.8;1.22
0000004151;TF10000-001;20260213;0.5;1;84.9;1.45
0000004152;TF10000-001;20260217;0.7;1;81.4;1.69
0000004153;TF10000-001;20260218;0.6;1;85.0;1.27
0000004154;TF10000-001;20260220;0.4;1;82.5;1.82
0000004155;TF10000-001;20260302;0.6;1;82.8;1.30
0000004156;TF10000-001;20260309;0.7;1;83.8;1.46
0000004157;TF10000-001;20260319;0.6;2;81.1;1.96
0000004158;TF10000-001;20260322;0.7;1;82.1;2.03
0000004159;TF10000-001;20260323;0.7;1;83.2;1.56
0000004160;TF10000-001;20260330;0.7;1;79.7;1.99
0000004161;TF10000-001;20260402;0.5;1;82.3;1.83
0000004162;TF10000-001;20260412;0.4;1;82.9;1.77
0000004163;TF10000-001;20260417;0.5;1;79.5;2.15
0000004164;TF10000-001;20260426;0.4;1;81.2;1.79
0000004165;TF10000-001;20260504;0.7;1;82.2;2.20
0000004166;TF10000-001;20260512;0.4;1;77.3;1.84
0000004167;TF10000-001;20260517;0.6;1;78.9;1.76
0000004168;TF10000-001;20260527;0.7;2;77.3;2.22
0000004169;TF10000-001;20260606;0.6;1;81.2;2.41
0000004170;TF10000-001;20260613;0.7;1;83.1;1.64
0000004171;TF10000-001;20260622;0.6;1;80.6;2.08
0000004172;TF10000-001;20260625;0.4;2;80.9;2.22
0000004173;TF10000-001;20260627;0.6;1;82.7;1.32
0000004174;TF10000-001;20260630;0.6;1;78.9;2.19
0000004175;TF10000-001;20260704;0.6;1;80.4;2.25
0000004176;TF10000-001;20260710;0.3;1;78.5;1.63
0000004177;TF10000-001;20260720;0.7;1;80.9;2.28
0000004178;TF10000-001;20260725;0.5;2;77.8;2.04
0000004179;TF10000-001;20260803;0.4;1;80.6;2.65
0000004180;TF10000-002;20251203;1.4;1;79.5;1.42
0000004181;TF10000-002;20251209;1.3;1;76.8;1.33
0000004182;TF10000-002;20251216;1.1;1;79.0;1.31
0000004183;TF10000-002;20251223;1.4;1;80.4;1.89
0000004184;TF10000-002;20251224;0.9;1;79.3;1.95
0000004185;TF10000-002;20251231;1.2;1;80.4;2.07
0000004186;TF10000-002;20260108;1.0;1;78.5;1.69
0000004187;TF10000-002;20260110;1.2;2;76.4;1.52
0000004188;TF10000-002;20260117;0.7;2;79.6;1.88
0000004189;TF10000-002;20260125;0.8;2;79.9;1.96
0000004190;TF10000-002;20260128;1.0;1;76.8;1.53
0000004191;TF10000-002;20260131;0.9;2;78.0;1.87
0000004192;TF10000-002;20260202;1.1;1;79.7;1.32
0000004193;TF10000-002;20260207;1.4;1;79.9;2.22
0000004194;TF10000-002;20260208;1.3;1;78.0;1.60
0000004195;TF10000-002;20260211;1.1;1;77.4;1.64
0000004196;TF10000-002;20260213;0.9;1;77.2;1.95
0000004197;TF10000-002;20260218;1.2;1;74.7;1.56
0000004198;TF10000-002;20260226;0.7;1;79.2;1.30
0000004199;TF10000-002;20260306;1.3;1;75.5;1.28
0000004200;TF10000-002;20260313;0.7;1;77.5;1.76
0000004201;TF10000-002;20260321;0.8;1;77.4;1.73
0000004202;TF10000-002;20260329;1.2;1;75.0;1.37
0000004203;TF10000-002;20260401;1.2;1;77.0;2.22
0000004204;TF10000-002;20260407;1.3;2;76.2;2.02
0000004205;TF10000-002;20260409;0.9;1;74.3;2.22
0000004206;TF10000-002;20260414;0.8;1;75.7;2.01
0000004207;TF10000-002;20260420;1.1;1;75.3;1.53
0000004208;TF10000-002;20260422;1.5;1;78.2;2.23
0000004209;TF10000-002;20260427;1.2;1;78.4;1.40
0000004210;TF10000-002;20260501;1.4;1;77.1;2.03
0000004211;TF10000-002;20260505;1.5;1;74.0;2.45
0000004212;TF10000-002;20260508;0.9;1;74.1;2.06
0000004213;TF10000-002;20260513;1.0;1;75.8;2.05
0000004214;TF10000-002;20260515;0.7;2;74.2;1.97
0000004215;TF10000-002;20260519;0.8;1;74.4;1.89
0000004216;TF10000-002;20260522;1.1;1;74.0;2.38
0000004217;TF10000-002;20260530;1.2;1;75.4;2.39
0000004218;TF10000-002;20260607;0.8;1;74.6;1.65
0000004219;TF10000-002;20260612;1.3;2;77.3;2.66
0000004220;TF10000-002;20260618;1.3;1;75.0;1.61
0000004221;TF10000-002;20260619;0.9;1;75.9;2.19
0000004222;TF10000-002;20260620;0.7;1;75.5;1.83
0000004223;TF10000-002;20260628;1.3;2;72.7;2.54
0000004224;TF10000-002;20260701;1.0;1;75.7;2.48
0000004225;TF10000-002;20260706;1.0;1;71.6;1.66
0000004226;TF10000-002;20260709;1.1;1;72.1;2.52
0000004227;TF10000-002;20260711;1.3;1;73.1;2.64
0000004228;TF10000-002;20260714;0.9;1;74.2;2.21
0000004229;TF10000-002;20260720;1.3;1;73.0;2.15
0000004230;TF10000-002;20260723;1.5;1;75.7;2.46
0000004231;TF10000-002;20260728;1.1;2;74.9;2.04
0000004232;TF10000-002;20260731;1.2;1;72.3;1.92
0000004233;TF10000-002;20260801;1.1;1;72.9;1.89
0000004234;TJ90-001;20240804;0.8;1;43.4;3.56
0000004235;TJ90-001;20240806;0.7;1;52.7;3.28
0000004236;TJ90-001;20240810;0.9;1;49.8;5.14
0000004237;TJ90-001;20240813;0.5;1;47.5;3.63
0000004238;TJ90-001;20240816;0.5;1;47.5;3.39
0000004239;TJ90-001;20240820;0.5;1;46.3;4.73
0000004240;TJ90-001;20240823;0.5;1;41.8;4.98
0000004241;TJ90-001;20240825;0.5;2;46.1;3.86
0000004242;TJ90-001;20240827;0.5;1;48.0;3.67
0000004243;TJ90-001;20240830;0.7;1;39.9;3.33
0000004244;TJ90-001;20240831;0.7;1;42.8;4.27
0000004245;TJ90-001;20240903;0.8;1;44.0;5.29
0000004246;TJ90-001;20240906;0.8;1;44.1;4.08
0000004247;TJ90-001;20240909;0.8;1;45.7;3.55
0000004248;TJ90-001;20240910;0.7;1;49.8;4.47
0000004249;TJ90-001;20240913;0.6;2;45.1;3.42
0000004250;TJ90-001;20240915;0.6;1;39.1;4.06
0000004251;TJ90-001;20240916;0.9;2;48.3;4.46
0000004252;TJ90-001;20240919;0.4;1;45.5;4.54
0000004253;TJ90-001;20240921;0.9;1;44.5;3.31
0000004254;TJ90-001;20240924;0.9;1;38.0;3.72
0000004255;TJ90-001;20240928;0.7;1;40.9;4.15
0000004256;TJ90-001;20240930;0.5;1;50.0;4.12
0000004257;TJ90-001;20241004;0.6;1;46.2;4.56
0000004258;TJ90-001;20241008;0.5;1;41.9;4.16
0000004259;TJ90-001;20241011;0.8;1;50.7;4.32
0000004260;TJ90-001;20241012;0.7;1;50.9;3.46
0000004261;TJ90-001;20241013;0.8;1;39.7;3.87
0000004262;TJ90-001;20241014;0.7;1;51.3;3.13
0000004263;TJ90-001;20241016;0.7;1;42.9;4.39
0000004264;TJ90-001;20241019;0.6;1;44.3;5.05
0000004265;TJ90-001;20241020;0.9;2;51.0;3.84
0000004266;TJ90-001;20241024;0.9;1;46.1;3.78
0000004267;TJ90-001;20241028;0.9;1;47.2;3.14
0000004268;TJ90-001;20241031;0.7;1;39.8;4.18
0000004269;TJ90-001;20241101;0.6;1;42.0;3.53
0000004270;TJ90-001;20241104;0.6;1;39.8;4.82
0000004271;TJ90-001;20241106;0.5;1;42.4;3.61
0000004272;TJ90-001;20241110;0.8;2;46.5;5.01
0000004273;TJ90-001;20241111;0.8;1;43.6;3.80
0000004274;TJ90-001;20241113;0.8;1;43.4;4.76
0000004275;TJ90-001;20241117;0.8;2;39.8;4.74
0000004276;TJ90-001;20241118;0.7;1;49.5;3.66
0000004277;TJ90-001;20241120;0.6;1;44.5;3.89
0000004278;TJ90-001;20241123;0.7;1;38.4;4.09
0000004279;TJ90-001;20241124;0.8;1;42.6;4.97
0000004280;TJ90-001;20241126;0.6;2;44.5;5.17
0000004281;TJ90-001;20241129;0.9;1;45.1;3.77
0000004282;TJ90-001;20241202;0.5;1;41.1;2.81
0000004283;TJ90-001;20241203;0.5;1;46.5;3.91
0000004284;TJ90-001;20241204;0.8;1;45.7;3.89
0000004285;TJ90-001;20241205;0.7;1;37.8;4.00
0000004286;TJ90-001;20241206;0.6;1;44.5;4.55
0000004287;TJ90-001;20241207;0.6;2;43.7;5.36
0000004288;TJ90-001;20241209;0.7;2;44.6;3.97
0000004289;TJ90-001;20241210;0.6;1;42.3;3.72
0000004290;TJ90-001;20241211;0.9;1;40.4;5.01
0000004291;TJ90-001;20241213;0.4;1;39.8;5.09
0000004292;TJ90-001;20241217;0.9;1;41.3;3.38
0000004293;TJ90-001;20241221;0.4;2;43.9;3.40
0000004294;TJ90-001;20241223;0.6;1;48.3;3.82
0000004295;TJ90-001;20241224;0.8;1;42.7;4.50
0000004296;TJ90-001;20241228;0.6;1;39.2;3.55
0000004297;TJ90-001;20250101;0.5;1;39.1;3.28
0000004298;TJ90-001;20250105;0.9;1;44.0;4.18
0000004299;TJ90-001;20250109;0.6;1;45.6;4.84
0000004300;TJ90-001;20250112;0.9;1;44.9;5.62
0000004301;TJ90-001;20250116;0.5;1;37.2;4.93
0000004302;TJ90-001;20250118;0.5;1;41.2;3.92
0000004303;TJ90-001;20250119;0.6;1;46.2;3.36
0000004304;TJ90-001;20250121;0.6;2;38.3;4.35
0000004305;TJ90-001;20250125;0.6;1;44.5;3.70
0000004306;TJ90-001;20250129;0.5;2;39.5;5.42
0000004307;TJ90-001;20250131;0.5;1;48.3;5.02
0000004308;TJ90-001;20250202;0.7;1;49.2;5.78
0000004309;TJ90-001;20250205;0.5;1;36.5;4.05
0000004310;TJ90-001;20250208;0.8;1;47.0;4.24
0000004311;TJ90-001;20250211;0.6;1;42.7;4.24
0000004312;TJ90-001;20250212;0.8;2;46.0;4.13
0000004313;TJ90-001;20250214;0.6;1;40.0;4.47
0000004314;TJ90-001;20250215;0.5;1;37.4;4.78
0000004315;TJ90-001;20250216;0.9;1;37.7;5.50
0000004316;TJ90-001;20250219;0.6;1;38.7;5.38
0000004317;TJ90-001;20250220;0.9;1;39.9;3.67
0000004318;TJ90-001;20250222;0.7;1;43.1;4.80
0000004319;TJ90-001;20250223;0.9;1;46.5;5.08
0000004320;TJ90-001;20250227;0.4;1;47.5;5.02
0000004321;TJ90-001;20250303;0.6;1;42.6;3.99
0000004322;TJ90-001;20250305;0.4;1;36.8;5.89
0000004323;TJ90-001;20250308;0.6;2;44.1;5.09
0000004324;TJ90-001;20250311;0.6;1;42.1;5.94
0000004325;TJ90-001;20250315;0.9;1;37.8;3.91
0000004326;TJ90-001;20250316;0.8;1;38.6;4.64
0000004327;TJ90-001;20250317;0.5;1;37.4;3.91
0000004328;TJ90-001;20250319;0.6;1;45.2;5.32
0000004329;TJ90-001;20250321;0.4;1;41.5;4.85
0000004330;TJ90-001;20250322;0.8;1;48.7;4.25
0000004331;TJ90-001;20250326;0.4;1;44.1;5.24
0000004332;TJ90-001;20250327;0.5;1;46.7;3.37
0000004333;TJ90-001;20250328;0.6;1;39.6;5.30
0000004334;TJ90-001;20250331;0.8;2;35.7;4.87
0000004335;TJ90-001;20250401;0.8;1;47.8;3.77
0000004336;TJ90-001;20250405;0.8;1;42.4;5.29
0000004337;TJ90-001;20250408;0.6;1;42.0;5.32
0000004338;TJ90-001;20250412;0.9;1;44.7;6.07
0000004339;TJ90-001;20250416;0.7;1;41.9;4.12
0000004340;TJ90-001;20250418;0.5;1;49.0;5.85
0000004341;TJ90-001;20250419;0.8;1;36.8;5.97
0000004342;TJ90-001;20250423;0.6;1;42.6;4.99
0000004343;TJ90-001;20250425;0.5;1;44.1;5.88
0000004344;TJ90-001;20250426;0.9;1;41.3;4.49
0000004345;TJ90-001;20250427;0.5;1;38.9;3.12
0000004346;TJ90-001;20250428;0.7;1;46.8;3.15
0000004347;TJ90-001;20250430;0.4;1;47.3;5.88
0000004348;TJ90-001;20250501;0.8;1;42.4;4.08
0000004349;TJ90-001;20250503;0.4;1;42.7;5.88
0000004350;TJ90-001;20250505;0.7;1;40.8;5.16
0000004351;TJ90-001;20250509;0.5;1;47.7;5.32
0000004352;TJ90-001;20250510;0.9;1;33.5;5.69
0000004353;TJ90-001;20250512;0.5;1;40.8;5.30
0000004354;TJ90-001;20250516;0.9;1;50.6;3.47
0000004355;TJ90-001;20250518;0.7;1;36.7;4.43
0000004356;TJ90-001;20250521;0.8;1;47.5;4.61
0000004357;TJ90-001;20250523;0.4;1;44.4;5.70
0000004358;TJ90-001;20250527;0.5;1;42.9;3.77
0000004359;TJ90-001;20250531;0.4;1;40.2;5.92
0000004360;TJ90-001;20250604;0.6;1;39.1;5.49
0000004361;TJ90-001;20250607;0.7;1;50.3;3.82
0000004362;TJ90-001;20250608;0.8;1;40.6;3.04
0000004363;TJ90-001;20250611;0.9;1;46.7;4.09
0000004364;TJ90-001;20250614;0.6;1;41.4;3.77
0000004365;TJ90-001;20250615;0.4;2;44.9;4.57
0000004366;TJ90-001;20250617;0.6;1;36.5;5.11
0000004367;TJ90-001;20250619;0.9;1;47.5;6.26
0000004368;TJ90-001;20250622;0.6;2;40.0;5.39
0000004369;TJ90-001;20250623;0.6;1;49.6;5.70
0000004370;TJ90-001;20250625;0.5;1;42.9;3.84
0000004371;TJ90-001;20250629;0.8;1;46.0;5.75
0000004372;TJ90-001;20250703;0.7;1;48.9;5.46
0000004373;TJ90-001;20250705;0.8;1;44.3;3.54
0000004374;TJ90-001;20250708;0.8;1;41.0;4.00
0000004375;TJ90-001;20250709;0.4;1;48.8;4.53
0000004376;TJ90-001;20250710;0.4;2;48.9;4.85
0000004377;TJ90-001;20250712;0.6;1;43.7;5.51
0000004378;TJ90-001;20250714;0.5;2;47.6;6.01
0000004379;TJ90-001;20250715;0.9;1;44.1;5.78
0000004380;TJ90-001;20250717;0.4;1;39.4;5.21
0000004381;TJ90-001;20250720;0.6;1;45.8;6.00
0000004382;TJ90-001;20250724;0.7;1;41.2;6.18
0000004383;TJ90-001;20250727;0.8;1;37.7;4.40
0000004384;TJ90-001;20250731;0.5;1;39.4;4.26
0000004385;TJ90-001;20250803;0.7;1;36.2;5.38
0000004386;TJ90-001;20250806;0.8;1;47.7;4.98
0000004387;TJ90-001;20250809;0.9;1;36.6;5.75
0000004388;TJ90-001;20250813;0.6;2;32.8;5.05
0000004389;TJ90-001;20250816;0.4;2;37.1;5.23
0000004390;TJ90-001;20250817;0.6;1;39.8;5.65
0000004391;TJ90-001;20250819;0.6;1;35.8;5.88
0000004392;TJ90-001;20250823;0.4;1;33.5;5.81
0000004393;TJ90-001;20250825;0.4;1;45.1;6.19
0000004394;TJ90-001;20250827;0.8;1;47.4;4.49
0000004395;TJ90-001;20250829;0.7;1;36.0;5.02
0000004396;TJ90-001;20250902;0.8;1;44.8;6.19
0000004397;TJ90-001;20250906;0.7;2;49.6;5.22
0000004398;TJ90-001;20250908;0.8;1;36.5;4.16
0000004399;TJ90-001;20250911;0.6;1;36.7;4.09
0000004400;TJ90-001;20250912;0.6;1;37.7;6.25
0000004401;TJ90-001;20250915;0.9;1;48.8;4.71
0000004402;TJ90-001;20250919;0.6;1;44.1;4.38
0000004403;TJ90-001;20250922;0.4;2;39.4;3.89
0000004404;TJ90-001;20250924;0.7;1;34.4;6.35
0000004405;TJ90-001;20250926;0.5;1;37.9;5.19
0000004406;TJ90-001;20250929;0.4;1;44.6;3.37
0000004407;TJ90-001;20251002;0.6;1;46.9;5.30
0000004408;TJ90-001;20251004;0.7;1;32.0;6.28
0000004409;TJ90-001;20251005;0.7;1;40.4;6.28
0000004410;TJ90-001;20251006;0.6;1;34.8;4.53
0000004411;TJ90-001;20251010;0.6;1;38.1;5.58
0000004412;TJ90-001;20251014;0.6;1;36.3;6.01
0000004413;TJ90-001;20251017;0.6;1;36.6;4.70
0000004414;TJ90-001;20251021;0.4;1;44.4;6.23
0000004415;TJ90-001;20251025;0.7;1;42.5;5.49
0000004416;TJ90-001;20251029;0.9;1;42.8;6.13
0000004417;TJ90-001;20251031;0.4;1;37.0;5.14
0000004418;TJ90-001;20251101;0.8;1;43.6;5.12
0000004419;TJ90-001;20251105;0.7;1;41.0;6.35
0000004420;TJ90-001;20251109;0.4;1;31.3;4.56
0000004421;TJ90-001;20251113;0.7;1;45.6;7.01
0000004422;TJ90-001;20251115;0.9;1;41.8;4.18
0000004423;TJ90-001;20251118;0.7;1;33.1;5.50
0000004424;TJ90-001;20251119;0.6;1;35.1;6.14
0000004425;TJ90-001;20251121;0.9;1;44.1;4.75
0000004426;TJ90-001;20251124;0.6;1;40.8;4.03
0000004427;TJ90-001;20251126;0.9;1;36.5;3.87
0000004428;TJ90-001;20251128;0.5;1;38.2;5.62
0000004429;TJ90-001;20251130;0.5;1;32.3;4.76
0000004430;TJ90-001;20251204;0.6;1;40.9;5.75
0000004431;TJ90-001;20251207;0.7;1;42.7;6.83
0000004432;TJ90-001;20251209;0.6;1;42.1;6.09
0000004433;TJ90-001;20251211;0.4;1;41.5;5.40
0000004434;TJ90-001;20251214;0.7;1;48.9;5.18
0000004435;TJ90-001;20251216;0.9;1;38.7;3.69
0000004436;TJ90-001;20251219;0.6;2;36.8;5.97
0000004437;TJ90-001;20251220;0.9;1;39.7;5.54
0000004438;TJ90-001;20251222;0.4;1;34.1;5.86
0000004439;TJ90-001;20251224;0.8;1;48.2;7.03
0000004440;TJ90-001;20251225;0.5;2;40.2;3.95
0000004441;TJ90-001;20251229;0.9;1;42.3;6.03
0000004442;TJ90-001;20260102;0.7;1;34.0;6.70
0000004443;TJ90-001;20260103;0.7;1;44.5;3.74
0000004444;TJ90-001;20260107;0.6;1;38.8;5.23
0000004445;TJ90-001;20260108;0.6;1;41.2;6.08
0000004446;TJ90-001;20260109;0.5;1;44.5;4.12
0000004447;TJ90-001;20260113;0.6;1;43.2;5.10
0000004448;TJ90-001;20260117;0.9;1;35.7;5.23
0000004449;TJ90-001;20260121;0.6;1;40.9;4.64
0000004450;TJ90-001;20260122;0.6;1;42.4;6.36
0000004451;TJ90-001;20260123;0.7;2;45.2;6.65
0000004452;TJ90-001;20260125;0.8;1;45.4;4.68
0000004453;TJ90-001;20260126;0.9;1;44.3;4.51
0000004454;TJ90-001;20260127;0.5;1;33.5;5.42
0000004455;TJ90-001;20260131;0.9;1;33.7;4.60
0000004456;TJ90-001;20260202;0.9;1;33.9;5.20
0000004457;TJ90-001;20260205;0.4;1;34.9;5.55
0000004458;TJ90-001;20260208;0.4;1;37.3;6.08
0000004459;TJ90-001;20260210;0.8;1;40.2;7.07
0000004460;TJ90-001;20260213;0.8;1;39.5;4.85
0000004461;TJ90-001;20260214;0.7;1;40.5;5.23
0000004462;TJ90-001;20260216;0.7;1;42.9;4.91
0000004463;TJ90-001;20260218;0.6;1;36.5;3.81
0000004464;TJ90-001;20260221;0.6;1;45.9;6.39
0000004465;TJ90-001;20260224;0.4;1;42.5;4.07
0000004466;TJ90-001;20260227;0.5;1;39.6;4.41
0000004467;TJ90-001;20260301;0.7;1;33.3;5.05
0000004468;TJ90-001;20260302;0.8;1;42.7;7.25
0000004469;TJ90-001;20260305;0.9;1;33.0;4.65
0000004470;TJ90-001;20260309;0.7;1;31.4;5.15
0000004471;TJ90-001;20260312;0.6;1;41.5;6.29
0000004472;TJ90-001;20260316;0.6;1;38.3;6.71
0000004473;TJ90-001;20260318;0.6;1;30.0;4.20
0000004474;TJ90-001;20260321;0.8;1;46.2;4.29
0000004475;TJ90-001;20260322;0.9;1;39.0;5.30
0000004476;TJ90-001;20260323;0.8;1;28.6;5.91
0000004477;TJ90-001;20260327;0.5;1;33.8;5.35
0000004478;TJ90-001;20260330;0.7;1;31.9;4.82
0000004479;TJ90-001;20260331;0.5;1;42.8;6.08
0000004480;TJ90-001;20260403;0.7;1;31.5;7.29
0000004481;TJ90-001;20260405;0.8;1;41.4;6.10
0000004482;TJ90-001;20260407;0.6;1;44.4;3.93
0000004483;TJ90-001;20260411;0.7;1;47.7;5.59
0000004484;TJ90-001;20260412;0.5;1;39.5;6.37
0000004485;TJ90-001;20260413;0.9;1;38.8;7.43
0000004486;TJ90-001;20260417;0.9;1;46.0;5.41
0000004487;TJ90-001;20260420;0.6;2;32.8;6.82
0000004488;TJ90-001;20260422;0.4;2;32.3;7.18
0000004489;TJ90-001;20260424;0.6;1;37.6;7.18
0000004490;TJ90-001;20260427;0.6;1;46.8;5.10
0000004491;TJ90-001;20260428;0.6;1;35.8;4.96
0000004492;TJ90-001;20260429;0.7;1;30.5;7.27
0000004493;TJ90-001;20260501;0.7;2;33.2;6.13
0000004494;TJ90-001;20260502;0.8;2;47.1;4.46
0000004495;TJ90-001;20260504;0.4;1;36.9;5.69
0000004496;TJ90-001;20260506;0.6;1;37.5;4.83
0000004497;TJ90-001;20260507;0.6;1;40.6;6.20
0000004498;TJ90-001;20260511;0.7;1;33.7;5.68
0000004499;TJ90-001;20260512;0.8;1;38.9;4.88
0000004500;TJ90-001;20260514;0.4;1;44.9;4.67
0000004501;TJ90-001;20260518;0.7;1;43.6;4.59
0000004502;TJ90-001;20260521;0.4;1;38.1;4.54
0000004503;TJ90-001;20260524;0.9;1;41.3;6.27
0000004504;TJ90-001;20260525;0.4;1;43.4;3.82
0000004505;TJ90-001;20260527;0.7;1;32.5;5.84
0000004506;TJ90-001;20260530;0.4;1;32.3;5.40
0000004507;TJ90-001;20260601;0.6;1;40.8;5.41
0000004508;TJ90-001;20260605;0.5;1;36.5;5.00
0000004509;TJ90-001;20260609;0.6;1;28.5;7.18
0000004510;TJ90-001;20260613;0.4;1;43.3;4.81
0000004511;TJ90-001;20260617;0.8;2;45.1;6.06
0000004512;TJ90-001;20260620;0.7;1;36.4;4.10
0000004513;TJ90-001;20260623;0.6;1;31.9;4.92
0000004514;TJ90-001;20260626;0.5;1;36.4;5.23
0000004515;TJ90-001;20260627;0.5;1;40.7;5.59
0000004516;TJ90-001;20260630;0.8;1;28.1;4.41
0000004517;TJ90-001;20260704;0.4;1;38.2;6.10
0000004518;TJ90-001;20260707;0.9;1;35.9;6.92
0000004519;TJ90-001;20260710;0.4;1;40.5;5.14
0000004520;TJ90-001;20260712;0.7;1;45.2;3.93
0000004521;TJ90-001;20260714;0.5;1;44.8;6.76
0000004522;TJ90-001;20260718;0.8;1;41.0;4.51
0000004523;TJ90-001;20260719;0.5;1;36.4;5.51
0000004524;TJ90-001;20260722;0.7;1;30.8;5.11
0000004525;TJ90-001;20260723;0.7;1;43.7;5.42
0000004526;TJ90-001;20260727;0.6;1;46.7;5.42
0000004527;TJ90-001;20260728;0.5;1;35.3;4.84
0000004528;TJ90-001;20260729;0.6;1;38.7;4.95
0000004529;TJ90-001;20260802;0.5;1;28.9;4.46
0000004530;TJ90-002;20240808;0.9;1;48.1;3.46
0000004531;TJ90-002;20240814;0.4;1;49.8;3.07
0000004532;TJ90-002;20240815;0.8;1;47.2;3.44
0000004533;TJ90-002;20240821;0.8;1;51.3;3.36
0000004534;TJ90-002;20240822;0.8;1;49.0;4.73
0000004535;TJ90-002;20240828;0.6;1;44.8;3.33
0000004536;TJ90-002;20240830;0.5;1;50.5;3.97
0000004537;TJ90-002;20240905;0.8;1;50.7;4.24
0000004538;TJ90-002;20240909;0.6;1;43.8;2.88
0000004539;TJ90-002;20240910;0.7;1;41.8;3.72
0000004540;TJ90-002;20240916;0.5;1;42.9;4.63
0000004541;TJ90-002;20240917;0.7;1;43.3;3.11
0000004542;TJ90-002;20240918;0.7;1;50.6;4.60
0000004543;TJ90-002;20240920;0.7;1;44.1;4.14
0000004544;TJ90-002;20240926;0.9;1;44.6;2.77
0000004545;TJ90-002;20240929;0.7;1;45.3;4.09
0000004546;TJ90-002;20241005;0.9;1;49.1;3.14
0000004547;TJ90-002;20241007;0.4;1;48.1;3.29
0000004548;TJ90-002;20241012;0.9;1;48.0;3.05
0000004549;TJ90-002;20241013;0.8;2;39.3;3.72
0000004550;TJ90-002;20241017;0.9;1;47.5;4.31
0000004551;TJ90-002;20241019;0.8;2;45.4;3.90
0000004552;TJ90-002;20241024;0.9;2;42.3;5.05
0000004553;TJ90-002;20241027;0.5;1;40.6;4.99
0000004554;TJ90-002;20241029;0.7;1;49.0;3.54
0000004555;TJ90-002;20241103;0.9;2;44.4;3.80
0000004556;TJ90-002;20241104;0.8;1;45.6;4.70
0000004557;TJ90-002;20241109;0.6;1;45.8;3.49
0000004558;TJ90-002;20241112;0.8;1;46.8;3.81
0000004559;TJ90-002;20241114;0.5;1;46.8;3.78
0000004560;TJ90-002;20241120;0.7;1;49.8;3.91
0000004561;TJ90-002;20241126;0.8;1;39.6;4.64
0000004562;TJ90-002;20241130;0.8;1;47.8;3.22
0000004563;TJ90-002;20241204;0.5;2;50.9;3.44
0000004564;TJ90-002;20241205;0.5;1;46.6;3.89
0000004565;TJ90-002;20241206;0.4;1;41.2;3.05
0000004566;TJ90-002;20241211;0.7;1;47.4;3.20
0000004567;TJ90-002;20241214;0.7;1;43.0;3.34
0000004568;TJ90-002;20241216;0.4;1;43.2;3.61
0000004569;TJ90-002;20241222;0.8;1;40.5;4.37
0000004570;TJ90-002;20241224;0.8;1;45.9;4.59
0000004571;TJ90-002;20241227;0.7;1;44.2;4.37
0000004572;TJ90-002;20241231;0.9;1;42.2;4.95
0000004573;TJ90-002;20250104;0.5;2;40.8;4.88
0000004574;TJ90-002;20250110;0.7;2;44.2;5.00
0000004575;TJ90-002;20250112;0.8;1;38.5;3.33
0000004576;TJ90-002;20250116;0.9;1;46.7;4.07
0000004577;TJ90-002;20250120;0.9;1;40.5;3.64
0000004578;TJ90-002;20250122;0.6;1;47.0;3.09
0000004579;TJ90-002;20250123;0.4;2;40.7;4.37
0000004580;TJ90-002;20250126;0.7;1;51.1;3.51
0000004581;TJ90-002;20250129;0.4;1;44.4;3.25
0000004582;TJ90-002;20250130;0.7;1;39.6;4.55
0000004583;TJ90-002;20250201;0.6;1;42.9;4.05
0000004584;TJ90-002;20250203;0.8;1;44.6;3.14
0000004585;TJ90-002;20250207;0.4;2;46.7;4.00
0000004586;TJ90-002;20250208;0.8;1;43.0;3.53
0000004587;TJ90-002;20250210;0.5;1;41.0;4.13
0000004588;TJ90-002;20250212;0.5;1;40.9;4.06
0000004589;TJ90-002;20250215;0.8;1;41.1;3.21
0000004590;TJ90-002;20250220;0.7;1;39.1;4.56
0000004591;TJ90-002;20250225;0.8;1;42.0;4.91
0000004592;TJ90-002;20250228;0.4;1;44.1;5.14
0000004593;TJ90-002;20250301;0.6;1;40.4;4.48
0000004594;TJ90-002;20250304;0.9;1;46.4;4.03
0000004595;TJ90-002;20250310;0.9;1;40.7;5.19
0000004596;TJ90-002;20250312;0.6;1;44.6;4.56
0000004597;TJ90-002;20250318;0.6;1;43.2;4.37
0000004598;TJ90-002;20250322;0.5;1;49.8;4.93
0000004599;TJ90-002;20250324;0.5;1;44.6;4.69
0000004600;TJ90-002;20250329;0.5;2;47.2;3.88
0000004601;TJ90-002;20250401;0.5;2;41.7;4.87
0000004602;TJ90-002;20250406;0.4;1;45.1;4.38
0000004603;TJ90-002;20250407;0.7;1;47.3;5.27
0000004604;TJ90-002;20250411;0.4;1;47.8;4.10
0000004605;TJ90-002;20250415;0.5;1;45.9;5.47
0000004606;TJ90-002;20250418;0.8;2;44.5;4.32
0000004607;TJ90-002;20250421;0.4;1;45.6;3.71
0000004608;TJ90-002;20250422;0.5;1;42.6;4.59
0000004609;TJ90-002;20250426;0.9;1;38.9;4.57
0000004610;TJ90-002;20250428;0.5;2;45.6;3.93
0000004611;TJ90-002;20250503;0.5;1;41.2;3.67
0000004612;TJ90-002;20250506;0.6;1;37.6;3.50
0000004613;TJ90-002;20250507;0.5;1;40.5;3.18
0000004614;TJ90-002;20250508;0.5;2;39.5;4.93
0000004615;TJ90-002;20250512;0.8;1;48.7;3.81
0000004616;TJ90-002;20250518;0.8;1;47.5;4.69
0000004617;TJ90-002;20250521;0.5;1;44.1;4.70
0000004618;TJ90-002;20250522;0.5;1;47.6;5.00
0000004619;TJ90-002;20250526;0.6;1;39.1;3.98
0000004620;TJ90-002;20250531;0.7;1;43.1;2.88
0000004621;TJ90-002;20250601;0.5;1;45.6;4.74
0000004622;TJ90-002;20250604;0.5;1;43.0;4.55
0000004623;TJ90-002;20250609;0.7;1;41.1;4.30
0000004624;TJ90-002;20250612;0.9;1;41.2;4.53
0000004625;TJ90-002;20250617;0.9;1;39.8;4.42
0000004626;TJ90-002;20250621;0.7;1;40.7;5.22
0000004627;TJ90-002;20250623;0.8;1;44.1;4.45
0000004628;TJ90-002;20250629;0.7;1;43.1;5.45
0000004629;TJ90-002;20250702;0.5;1;41.0;3.47
0000004630;TJ90-002;20250708;0.9;1;46.7;5.32
0000004631;TJ90-002;20250711;0.6;1;47.5;4.38
0000004632;TJ90-002;20250715;0.7;1;41.9;4.78
0000004633;TJ90-002;20250720;0.8;2;37.3;3.38
0000004634;TJ90-002;20250726;0.8;1;38.5;4.90
0000004635;TJ90-002;20250729;0.6;2;37.9;4.12
0000004636;TJ90-002;20250730;0.7;1;42.7;4.39
0000004637;TJ90-002;20250804;0.7;1;36.2;4.35
0000004638;TJ90-002;20250810;0.5;1;45.5;4.06
0000004639;TJ90-002;20250814;0.4;1;45.8;5.14
0000004640;TJ90-002;20250817;0.7;2;43.3;4.67
0000004641;TJ90-002;20250823;0.6;1;41.9;5.51
0000004642;TJ90-002;20250824;0.4;2;38.0;5.56
0000004643;TJ90-002;20250829;0.5;1;41.5;5.85
0000004644;TJ90-002;20250901;0.9;1;43.7;3.78
0000004645;TJ90-002;20250903;0.8;1;44.6;3.48
0000004646;TJ90-002;20250908;0.5;1;47.0;4.24
0000004647;TJ90-002;20250913;0.7;1;36.6;5.77
0000004648;TJ90-002;20250917;0.6;1;40.8;3.71
0000004649;TJ90-002;20250923;0.5;1;46.0;4.33
0000004650;TJ90-002;20250926;0.7;2;41.6;4.90
0000004651;TJ90-002;20250929;0.9;1;40.0;5.82
0000004652;TJ90-002;20251003;0.8;1;42.4;5.57
0000004653;TJ90-002;20251007;0.7;1;45.5;3.16
0000004654;TJ90-002;20251013;0.6;1;36.0;4.54
0000004655;TJ90-002;20251014;0.5;1;45.7;3.41
0000004656;TJ90-002;20251016;0.7;1;38.6;5.34
0000004657;TJ90-002;20251018;0.5;1;38.5;4.78
0000004658;TJ90-002;20251020;0.7;1;43.0;4.32
0000004659;TJ90-002;20251025;0.7;1;38.0;4.25
0000004660;TJ90-002;20251031;0.5;2;39.9;4.58
0000004661;TJ90-002;20251105;0.8;1;44.0;4.36
0000004662;TJ90-002;20251108;0.4;1;39.1;5.63
0000004663;TJ90-002;20251112;0.9;1;40.9;5.46
0000004664;TJ90-002;20251114;0.7;2;39.9;4.35
0000004665;TJ90-002;20251116;0.5;1;42.2;5.19
0000004666;TJ90-002;20251122;0.9;2;46.7;5.83
0000004667;TJ90-002;20251125;0.7;1;37.5;3.66
0000004668;TJ90-002;20251127;0.6;1;43.1;5.23
0000004669;TJ90-002;20251128;0.8;1;40.9;4.78
0000004670;TJ90-002;20251129;0.9;1;36.6;5.67
0000004671;TJ90-002;20251130;0.4;1;40.4;4.34
0000004672;TJ90-002;20251201;0.4;1;45.2;4.15
0000004673;TJ90-002;20251202;0.6;1;43.8;4.72
0000004674;TJ90-002;20251208;0.5;1;42.1;4.43
0000004675;TJ90-002;20251211;0.8;1;40.6;6.24
0000004676;TJ90-002;20251213;0.8;1;40.5;6.08
0000004677;TJ90-002;20251218;0.5;1;37.7;5.84
0000004678;TJ90-002;20251222;0.5;1;45.6;5.35
0000004679;TJ90-002;20251224;0.5;1;38.7;4.71
0000004680;TJ90-002;20251227;0.5;1;36.2;5.20
0000004681;TJ90-002;20251228;0.5;1;36.0;4.37
0000004682;TJ90-002;20251230;0.6;1;38.7;3.55
0000004683;TJ90-002;20260101;0.4;1;37.4;3.67
0000004684;TJ90-002;20260105;0.8;1;43.2;3.54
0000004685;TJ90-002;20260106;0.5;2;42.4;3.75
0000004686;TJ90-002;20260110;0.5;1;39.0;4.85
0000004687;TJ90-002;20260116;0.6;1;44.4;3.64
0000004688;TJ90-002;20260121;0.6;1;36.1;4.32
0000004689;TJ90-002;20260125;0.7;1;42.0;5.68
0000004690;TJ90-002;20260130;0.7;1;44.5;5.76
0000004691;TJ90-002;20260201;0.8;1;43.3;4.52
0000004692;TJ90-002;20260203;0.5;1;44.9;6.07
0000004693;TJ90-002;20260207;0.6;1;34.3;5.62
0000004694;TJ90-002;20260208;0.5;1;35.7;4.94
0000004695;TJ90-002;20260209;0.7;1;44.9;3.95
0000004696;TJ90-002;20260210;0.6;1;39.4;3.92
0000004697;TJ90-002;20260213;0.4;2;43.9;3.91
0000004698;TJ90-002;20260217;0.8;2;38.3;5.81
0000004699;TJ90-002;20260223;0.4;2;41.5;4.48
0000004700;TJ90-002;20260225;0.7;1;47.9;4.00
0000004701;TJ90-002;20260227;0.8;1;45.1;6.48
0000004702;TJ90-002;20260302;0.5;2;39.0;5.73
0000004703;TJ90-002;20260304;0.4;1;35.6;6.20
0000004704;TJ90-002;20260310;0.7;1;44.2;4.01
0000004705;TJ90-002;20260313;0.5;1;38.0;4.12
0000004706;TJ90-002;20260315;0.6;1;37.9;4.93
0000004707;TJ90-002;20260319;0.4;1;36.4;5.30
0000004708;TJ90-002;20260322;0.7;1;39.2;4.81
0000004709;TJ90-002;20260323;0.8;1;42.9;6.41
0000004710;TJ90-002;20260326;0.7;1;44.8;5.78
0000004711;TJ90-002;20260331;0.4;1;32.3;5.75
0000004712;TJ90-002;20260406;0.9;1;34.8;4.91
0000004713;TJ90-002;20260409;0.6;2;43.3;6.62
0000004714;TJ90-002;20260414;0.7;1;44.9;4.85
0000004715;TJ90-002;20260420;0.8;2;34.2;4.42
0000004716;TJ90-002;20260426;0.5;2;40.7;6.41
0000004717;TJ90-002;20260427;0.7;1;44.7;6.45
0000004718;TJ90-002;20260502;0.5;1;39.6;5.28
0000004719;TJ90-002;20260507;0.4;1;36.5;5.12
0000004720;TJ90-002;20260509;0.4;1;38.1;5.48
0000004721;TJ90-002;20260513;0.4;1;36.8;3.80
0000004722;TJ90-002;20260516;0.9;1;39.4;6.47
0000004723;TJ90-002;20260519;0.9;2;33.5;4.23
0000004724;TJ90-002;20260525;0.5;1;45.2;6.35
0000004725;TJ90-002;20260528;0.4;1;33.9;7.06
0000004726;TJ90-002;20260603;0.9;1;38.4;7.30
0000004727;TJ90-002;20260608;0.8;1;32.7;6.57
0000004728;TJ90-002;20260609;0.5;1;37.0;6.56
0000004729;TJ90-002;20260615;0.8;1;43.6;4.56
0000004730;TJ90-002;20260620;0.7;1;34.4;4.75
0000004731;TJ90-002;20260623;0.6;1;35.2;5.37
0000004732;TJ90-002;20260626;0.5;1;34.6;5.78
0000004733;TJ90-002;20260628;0.9;1;33.3;5.21
0000004734;TJ90-002;20260702;0.8;1;35.5;5.18
0000004735;TJ90-002;20260705;0.9;1;41.2;5.36
0000004736;TJ90-002;20260711;0.8;1;37.9;4.35
0000004737;TJ90-002;20260714;0.4;1;35.9;6.63
0000004738;TJ90-002;20260717;0.8;2;40.6;6.46
0000004739;TJ90-002;20260721;0.7;1;44.4;6.95
0000004740;TJ90-002;20260725;0.5;2;40.3;5.75
0000004741;TJ90-002;20260731;0.6;1;40.1;4.60
0000004742;TJ90-002;20260801;0.8;1;41.6;5.80
0000004743;TJ90-003;20240806;0.8;1;52.6;1.71
0000004744;TJ90-003;20240808;0.8;1;52.1;1.83
0000004745;TJ90-003;20240810;1.1;1;53.5;1.61
0000004746;TJ90-003;20240815;0.6;1;54.2;2.26
0000004747;TJ90-003;20240816;1.1;1;50.0;2.06
0000004748;TJ90-003;20240822;0.6;1;53.2;2.20
0000004749;TJ90-003;20240826;0.5;1;50.2;2.05
0000004750;TJ90-003;20240901;0.8;1;53.9;2.08
0000004751;TJ90-003;20240903;1.0;2;52.0;1.34
0000004752;TJ90-003;20240905;1.0;1;49.7;1.70
0000004753;TJ90-003;20240909;0.9;1;51.4;2.00
0000004754;TJ90-003;20240914;0.5;1;54.0;2.37
0000004755;TJ90-003;20240917;0.5;1;51.1;1.49
0000004756;TJ90-003;20240919;0.9;1;54.6;1.45
0000004757;TJ90-003;20240924;0.9;1;54.3;1.46
0000004758;TJ90-003;20240929;1.1;1;49.2;1.86
0000004759;TJ90-003;20241002;1.0;1;52.7;1.73
0000004760;TJ90-003;20241003;0.9;1;54.3;1.82
0000004761;TJ90-003;20241008;0.6;1;52.5;1.60
0000004762;TJ90-003;20241010;0.8;1;53.6;1.44
0000004763;TJ90-003;20241013;0.7;1;52.3;1.62
0000004764;TJ90-003;20241014;0.9;1;51.8;1.70
0000004765;TJ90-003;20241018;0.5;1;54.1;2.53
0000004766;TJ90-003;20241019;0.7;1;52.9;2.52
0000004767;TJ90-003;20241022;1.1;1;53.2;1.75
0000004768;TJ90-003;20241025;0.7;1;48.7;2.13
0000004769;TJ90-003;20241027;1.0;1;52.5;1.48
0000004770;TJ90-003;20241028;1.0;1;52.0;2.26
0000004771;TJ90-003;20241031;0.7;1;50.6;2.19
0000004772;TJ90-003;20241102;0.9;1;50.4;2.30
0000004773;TJ90-003;20241108;0.7;1;50.9;1.82
0000004774;TJ90-003;20241111;0.8;1;49.0;1.95
0000004775;TJ90-003;20241116;0.8;1;51.6;2.45
0000004776;TJ90-003;20241119;0.6;1;51.3;2.50
0000004777;TJ90-003;20241124;0.9;1;52.3;2.44
0000004778;TJ90-003;20241128;1.0;1;47.7;2.15
0000004779;TJ90-003;20241130;0.9;1;52.6;2.21
0000004780;TJ90-003;20241206;1.0;1;49.4;2.41
0000004781;TJ90-003;20241209;1.0;1;53.8;1.64
0000004782;TJ90-003;20241210;0.8;1;52.7;1.53
0000004783;TJ90-003;20241215;0.6;1;47.2;2.38
0000004784;TJ90-003;20241216;0.8;2;50.5;2.22
0000004785;TJ90-003;20241220;0.8;1;46.9;2.04
0000004786;TJ90-003;20241226;1.0;1;48.7;2.58
0000004787;TJ90-003;20241228;0.6;1;47.3;1.48
0000004788;TJ90-003;20250101;1.0;1;48.8;2.69
0000004789;TJ90-003;20250106;0.6;2;48.9;1.77
0000004790;TJ90-003;20250111;0.5;1;49.4;2.40
0000004791;TJ90-003;20250115;0.8;1;50.7;1.90
0000004792;TJ90-003;20250119;0.6;2;50.8;2.58
0000004793;TJ90-003;20250124;0.6;1;48.6;2.38
0000004794;TJ90-003;20250125;1.0;1;49.4;1.85
0000004795;TJ90-003;20250131;1.0;2;49.6;2.36
0000004796;TJ90-003;20250204;0.6;1;52.6;2.94
0000004797;TJ90-003;20250210;1.0;1;50.3;2.24
0000004798;TJ90-003;20250214;1.0;1;46.5;2.27
0000004799;TJ90-003;20250218;1.0;1;50.3;2.07
0000004800;TJ90-003;20250224;0.7;1;46.8;2.73
0000004801;TJ90-003;20250301;0.9;1;48.4;2.53
0000004802;TJ90-003;20250304;0.7;1;51.2;1.82
0000004803;TJ90-003;20250309;1.1;1;45.2;1.98
0000004804;TJ90-003;20250313;1.0;1;48.2;2.62
0000004805;TJ90-003;20250318;0.7;1;49.4;3.06
0000004806;TJ90-003;20250324;1.0;1;51.7;1.89
0000004807;TJ90-003;20250327;1.1;2;48.9;2.57
0000004808;TJ90-003;20250329;0.6;2;48.6;2.45
0000004809;TJ90-003;20250331;0.9;1;44.8;2.21
0000004810;TJ90-003;20250401;0.9;1;49.9;2.84
0000004811;TJ90-003;20250402;0.7;1;51.1;2.53
0000004812;TJ90-003;20250407;0.8;1;43.6;2.08
0000004813;TJ90-003;20250412;1.0;2;46.8;2.61
0000004814;TJ90-003;20250413;0.8;1;47.7;2.01
0000004815;TJ90-003;20250419;0.9;1;49.7;2.63
0000004816;TJ90-003;20250421;0.5;1;45.3;2.27
0000004817;TJ90-003;20250423;0.9;1;44.9;2.41
0000004818;TJ90-003;20250429;1.0;2;46.9;2.17
0000004819;TJ90-003;20250505;0.8;1;51.7;2.71
0000004820;TJ90-003;20250510;0.6;1;48.4;3.04
0000004821;TJ90-003;20250514;0.7;1;48.4;2.28
0000004822;TJ90-003;20250516;1.1;1;46.3;2.12
0000004823;TJ90-003;20250518;0.7;1;48.3;2.48
0000004824;TJ90-003;20250522;0.7;1;46.6;2.82
0000004825;TJ90-003;20250523;0.8;1;46.2;1.85
0000004826;TJ90-003;20250524;0.8;1;48.7;2.23
0000004827;TJ90-003;20250526;0.8;1;49.3;2.38
0000004828;TJ90-003;20250530;0.9;1;44.7;2.54
0000004829;TJ90-003;20250605;1.0;1;48.5;2.43
0000004830;TJ90-003;20250608;1.1;1;46.9;2.37
0000004831;TJ90-003;20250612;0.6;1;47.1;2.54
0000004832;TJ90-003;20250617;0.7;1;43.7;2.17
0000004833;TJ90-003;20250623;0.8;1;50.3;2.38
0000004834;TJ90-003;20250625;0.8;2;44.0;1.96
0000004835;TJ90-003;20250630;0.9;1;44.2;2.92
0000004836;TJ90-003;20250706;0.9;1;44.9;3.10
0000004837;TJ90-003;20250709;0.5;1;44.8;2.74
0000004838;TJ90-003;20250712;0.7;1;50.8;2.95
0000004839;TJ90-003;20250714;0.8;1;43.5;3.13
0000004840;TJ90-003;20250715;0.5;1;47.5;2.63
0000004841;TJ90-003;20250721;1.0;1;46.5;1.99
0000004842;TJ90-003;20250727;0.9;2;45.4;2.86
0000004843;TJ90-003;20250802;0.9;1;42.8;1.86
0000004844;TJ90-003;20250807;0.6;1;47.7;3.39
0000004845;TJ90-003;20250812;0.6;1;40.9;3.24
0000004846;TJ90-003;20250817;0.6;1;48.9;2.61
0000004847;TJ90-003;20250822;0.9;1;44.7;2.93
0000004848;TJ90-003;20250823;0.6;1;48.0;2.58
0000004849;TJ90-003;20250829;0.9;1;47.2;2.99
0000004850;TJ90-003;20250830;0.7;1;40.9;2.87
0000004851;TJ90-003;20250831;0.6;1;46.6;3.30
0000004852;TJ90-003;20250902;0.8;1;44.1;2.67
0000004853;TJ90-003;20250908;1.1;1;46.8;2.91
0000004854;TJ90-003;20250909;1.1;2;45.9;2.76
0000004855;TJ90-003;20250913;0.5;1;47.7;3.06
0000004856;TJ90-003;20250916;0.7;1;48.0;3.66
0000004857;TJ90-003;20250920;0.9;1;42.9;2.48
0000004858;TJ90-003;20250925;0.8;1;46.7;3.63
0000004859;TJ90-003;20250928;1.0;1;42.3;1.99
0000004860;TJ90-003;20250929;0.9;1;45.0;2.81
0000004861;TJ90-003;20251003;0.8;1;44.2;3.04
0000004862;TJ90-003;20251005;0.5;1;46.0;2.68
0000004863;TJ90-003;20251011;0.6;1;45.5;3.32
0000004864;TJ90-003;20251013;0.6;1;43.2;2.89
0000004865;TJ90-003;20251016;0.7;1;42.7;3.54
0000004866;TJ90-003;20251020;0.7;1;45.3;2.73
0000004867;TJ90-003;20251022;1.0;1;46.3;3.14
0000004868;TJ90-003;20251026;1.1;1;41.3;2.58
0000004869;TJ90-003;20251029;0.7;1;44.1;3.83
0000004870;TJ90-003;20251101;0.5;1;43.0;2.85
0000004871;TJ90-003;20251103;0.9;1;45.8;3.38
0000004872;TJ90-003;20251105;0.7;1;41.8;2.50
0000004873;TJ90-003;20251106;0.9;1;48.2;3.07
0000004874;TJ90-003;20251111;0.7;1;44.9;2.99
0000004875;TJ90-003;20251112;0.5;2;46.1;3.77
0000004876;TJ90-003;20251118;1.0;1;44.8;3.43
0000004877;TJ90-003;20251122;0.7;1;44.1;2.81
0000004878;TJ90-003;20251123;0.5;1;44.9;2.65
0000004879;TJ90-003;20251124;0.8;1;42.6;3.82
0000004880;TJ90-003;20251125;1.0;1;39.9;3.00
0000004881;TJ90-003;20251130;0.8;1;46.6;3.05
0000004882;TJ90-003;20251202;0.9;1;45.2;2.28
0000004883;TJ90-003;20251207;0.7;1;43.5;3.25
0000004884;TJ90-003;20251209;0.8;1;44.9;2.87
0000004885;TJ90-003;20251213;0.6;2;46.3;3.03
0000004886;TJ90-003;20251215;0.8;2;48.6;3.22
0000004887;TJ90-003;20251219;0.7;1;42.1;3.36
0000004888;TJ90-003;20251221;0.9;2;40.6;3.62
0000004889;TJ90-003;20251224;1.1;1;40.9;3.44
0000004890;TJ90-003;20251225;0.6;1;47.9;3.38
0000004891;TJ90-003;20251227;0.8;2;39.4;2.89
0000004892;TJ90-003;20260102;0.7;1;40.0;2.79
0000004893;TJ90-003;20260108;1.0;1;44.3;2.85
0000004894;TJ90-003;20260114;0.9;1;45.0;3.02
0000004895;TJ90-003;20260115;0.9;1;44.1;3.36
0000004896;TJ90-003;20260121;1.0;1;47.4;3.14
0000004897;TJ90-003;20260124;0.7;1;44.4;2.69
0000004898;TJ90-003;20260130;0.9;1;42.0;3.09
0000004899;TJ90-003;20260205;0.9;1;45.7;2.88
0000004900;TJ90-003;20260209;0.8;1;40.3;3.70
0000004901;TJ90-003;20260215;0.7;1;41.1;3.53
0000004902;TJ90-003;20260221;0.5;1;43.8;4.18
0000004903;TJ90-003;20260223;0.8;1;37.8;2.83
0000004904;TJ90-003;20260227;0.7;1;39.0;3.17
0000004905;TJ90-003;20260228;0.7;1;41.9;3.92
0000004906;TJ90-003;20260303;1.0;1;37.5;3.25
0000004907;TJ90-003;20260307;1.0;1;42.7;3.44
0000004908;TJ90-003;20260309;0.6;1;46.0;3.98
0000004909;TJ90-003;20260311;0.7;1;41.1;4.38
0000004910;TJ90-003;20260317;1.0;2;43.5;4.33
0000004911;TJ90-003;20260321;0.8;1;41.0;3.02
0000004912;TJ90-003;20260324;1.1;1;44.9;3.41
0000004913;TJ90-003;20260329;1.1;2;36.5;4.05
0000004914;TJ90-003;20260403;0.9;2;43.2;3.86
0000004915;TJ90-003;20260407;0.8;1;46.0;3.63
0000004916;TJ90-003;20260412;0.6;1;37.7;4.01
0000004917;TJ90-003;20260416;0.7;1;43.8;4.19
0000004918;TJ90-003;20260421;0.6;1;40.4;2.60
0000004919;TJ90-003;20260426;1.1;1;42.6;2.83
0000004920;TJ90-003;20260501;1.0;1;44.4;3.42
0000004921;TJ90-003;20260505;1.1;1;41.9;3.53
0000004922;TJ90-003;20260507;0.6;1;36.1;4.17
0000004923;TJ90-003;20260509;0.5;1;44.2;4.22
0000004924;TJ90-003;20260510;1.1;1;40.4;3.40
0000004925;TJ90-003;20260514;0.9;1;43.2;4.37
0000004926;TJ90-003;20260520;1.0;1;46.3;3.14
0000004927;TJ90-003;20260523;0.7;1;35.8;4.72
0000004928;TJ90-003;20260526;1.0;1;40.6;3.74
0000004929;TJ90-003;20260531;0.7;1;45.8;3.78
0000004930;TJ90-003;20260604;0.8;1;42.2;4.26
0000004931;TJ90-003;20260608;1.0;1;37.6;2.76
0000004932;TJ90-003;20260613;0.5;1;36.4;3.08
0000004933;TJ90-003;20260618;0.9;1;43.2;3.89
0000004934;TJ90-003;20260623;0.7;1;44.7;3.35
0000004935;TJ90-003;20260627;0.9;1;41.9;3.19
0000004936;TJ90-003;20260629;0.8;1;44.2;4.02
0000004937;TJ90-003;20260630;0.7;1;44.7;4.29
0000004938;TJ90-003;20260703;1.1;2;37.5;3.71
0000004939;TJ90-003;20260704;0.7;1;43.9;3.62
0000004940;TJ90-003;20260710;1.0;1;37.6;3.25
0000004941;TJ90-003;20260715;1.1;1;45.7;3.50
0000004942;TJ90-003;20260717;0.7;1;38.9;4.21
0000004943;TJ90-003;20260719;0.8;1;42.6;3.70
0000004944;TJ90-003;20260723;0.6;1;39.9;3.60
0000004945;TJ90-003;20260727;1.0;1;39.4;4.16
0000004946;TJ90-003;20260729;1.0;1;43.5;3.99
0000004947;TJ90-003;20260803;0.8;1;42.3;3.82
0000004948;TP38-001;20240806;3.2;1;65.6;1.42
0000004949;TP38-001;20240811;3.6;1;64.4;1.86
0000004950;TP38-001;20240815;3.0;1;63.0;1.94
0000004951;TP38-001;20240818;2.3;1;65.3;1.25
0000004952;TP38-001;20240823;1.8;1;63.0;1.42
0000004953;TP38-001;20240826;2.7;1;66.2;2.01
0000004954;TP38-001;20240827;2.9;1;65.1;2.14
0000004955;TP38-001;20240828;2.8;2;66.4;1.37
0000004956;TP38-001;20240830;3.0;1;66.0;1.78
0000004957;TP38-001;20240831;1.9;1;64.7;1.83
0000004958;TP38-001;20240906;1.8;1;62.9;1.79
0000004959;TP38-001;20240908;3.9;1;61.5;1.64
0000004960;TP38-001;20240910;2.0;1;63.3;1.89
0000004961;TP38-001;20240911;3.0;1;63.2;2.10
0000004962;TP38-001;20240917;2.8;1;64.5;2.20
0000004963;TP38-001;20240923;2.9;1;65.4;1.40
0000004964;TP38-001;20240929;2.5;1;60.8;1.78
0000004965;TP38-001;20241001;2.5;1;61.0;1.98
0000004966;TP38-001;20241003;3.4;1;62.7;1.64
0000004967;TP38-001;20241008;3.8;1;63.4;1.95
0000004968;TP38-001;20241014;2.5;1;64.9;1.50
0000004969;TP38-001;20241018;2.6;1;61.3;2.00
0000004970;TP38-001;20241021;2.8;1;63.8;1.62
0000004971;TP38-001;20241027;3.7;1;65.2;1.66
0000004972;TP38-001;20241102;2.1;1;63.2;1.39
0000004973;TP38-001;20241106;3.9;1;60.9;1.99
0000004974;TP38-001;20241111;2.2;1;63.5;2.43
0000004975;TP38-001;20241112;2.4;1;62.6;1.95
0000004976;TP38-001;20241117;2.3;1;63.7;2.21
0000004977;TP38-001;20241123;3.8;1;59.2;1.45
0000004978;TP38-001;20241126;2.3;1;60.3;2.17
0000004979;TP38-001;20241202;3.2;1;61.0;1.62
0000004980;TP38-001;20241207;3.3;1;63.0;1.91
0000004981;TP38-001;20241213;2.7;1;60.1;2.36
0000004982;TP38-001;20241216;1.8;1;60.0;1.95
0000004983;TP38-001;20241217;1.9;1;63.6;1.79
0000004984;TP38-001;20241220;3.5;1;62.3;2.06
0000004985;TP38-001;20241222;2.3;2;62.5;2.16
0000004986;TP38-001;20241225;3.1;2;59.2;2.67
0000004987;TP38-001;20241226;3.6;1;60.8;2.21
0000004988;TP38-001;20241230;3.6;1;64.5;2.12
0000004989;TP38-001;20250103;3.3;1;62.6;1.58
0000004990;TP38-001;20250105;2.8;1;61.3;1.92
0000004991;TP38-001;20250111;3.7;1;62.4;2.03
0000004992;TP38-001;20250112;3.8;1;58.3;1.58
0000004993;TP38-001;20250113;2.7;1;62.2;2.29
0000004994;TP38-001;20250119;3.0;1;64.8;2.25
0000004995;TP38-001;20250121;2.9;1;63.4;2.11
0000004996;TP38-001;20250127;1.9;1;60.4;1.74
0000004997;TP38-001;20250201;3.6;2;64.5;1.78
0000004998;TP38-001;20250202;2.3;1;61.6;2.48
0000004999;TP38-001;20250205;2.9;2;62.5;2.38
0000005000;TP38-001;20250211;2.3;1;63.1;1.75
0000005001;TP38-001;20250217;2.8;2;59.4;2.52
0000005002;TP38-001;20250218;2.2;1;63.6;2.16
0000005003;TP38-001;20250224;2.5;1;59.3;1.75
0000005004;TP38-001;20250302;2.6;1;62.7;1.94
0000005005;TP38-001;20250305;2.7;1;62.3;2.41
0000005006;TP38-001;20250307;3.3;1;61.1;2.38
0000005007;TP38-001;20250312;3.4;2;56.9;2.17
0000005008;TP38-001;20250313;3.6;1;62.1;1.73
0000005009;TP38-001;20250314;3.3;1;61.1;2.27
0000005010;TP38-001;20250320;3.8;1;59.5;1.80
0000005011;TP38-001;20250321;3.5;1;57.8;2.19
0000005012;TP38-001;20250326;2.3;1;59.7;2.93
0000005013;TP38-001;20250401;3.6;1;58.2;2.53
0000005014;TP38-001;20250405;3.3;1;59.9;2.25
0000005015;TP38-001;20250409;1.8;1;57.5;2.10
0000005016;TP38-001;20250411;3.3;1;61.0;1.78
0000005017;TP38-001;20250415;3.1;1;56.7;2.63
0000005018;TP38-001;20250419;3.4;1;63.1;2.54
0000005019;TP38-001;20250421;2.9;2;59.3;2.03
0000005020;TP38-001;20250425;2.3;1;62.6;3.20
0000005021;TP38-001;20250427;2.8;1;59.8;2.77
0000005022;TP38-001;20250429;3.9;1;59.7;2.40
0000005023;TP38-001;20250502;2.1;1;57.4;2.01
0000005024;TP38-001;20250508;2.6;1;60.2;2.21
0000005025;TP38-001;20250511;3.6;1;60.1;1.80
0000005026;TP38-001;20250514;3.5;1;60.6;2.10
0000005027;TP38-001;20250519;2.5;1;60.7;2.90
0000005028;TP38-001;20250522;3.7;1;62.3;2.51
0000005029;TP38-001;20250528;3.5;1;62.2;2.91
0000005030;TP38-001;20250603;2.7;2;60.5;2.57
0000005031;TP38-001;20250604;3.4;1;56.3;3.27
0000005032;TP38-001;20250607;4.0;1;59.7;3.14
0000005033;TP38-001;20250610;2.4;1;60.0;2.69
0000005034;TP38-001;20250613;2.5;1;60.8;2.28
0000005035;TP38-001;20250618;3.1;1;59.8;2.06
0000005036;TP38-001;20250623;2.0;1;60.2;2.96
0000005037;TP38-001;20250629;3.1;1;58.9;2.64
0000005038;TP38-001;20250704;3.7;1;55.0;2.00
0000005039;TP38-001;20250706;3.8;1;58.0;2.65
0000005040;TP38-001;20250711;3.9;1;60.4;2.19
0000005041;TP38-001;20250713;2.9;1;55.3;2.47
0000005042;TP38-001;20250716;3.9;1;55.4;3.03
0000005043;TP38-001;20250717;3.2;1;59.7;2.84
0000005044;TP38-001;20250721;2.1;1;61.0;2.45
0000005045;TP38-001;20250725;2.7;1;54.7;2.95
0000005046;TP38-001;20250727;2.6;1;58.1;2.40
0000005047;TP38-001;20250730;2.4;1;58.1;2.39
0000005048;TP38-001;20250731;2.3;1;60.0;2.01
0000005049;TP38-001;20250806;3.2;1;56.7;2.86
0000005050;TP38-001;20250808;3.9;1;58.7;2.92
0000005051;TP38-001;20250811;3.6;1;58.0;2.33
0000005052;TP38-001;20250812;2.0;1;61.4;2.64
0000005053;TP38-001;20250815;3.0;1;56.3;2.38
0000005054;TP38-001;20250820;2.2;1;57.0;1.99
0000005055;TP38-001;20250823;3.2;1;56.2;2.77
0000005056;TP38-001;20250828;3.9;1;57.0;2.58
0000005057;TP38-001;20250903;3.7;1;56.9;2.01
0000005058;TP38-001;20250904;2.4;1;61.4;2.58
0000005059;TP38-001;20250905;2.1;1;59.6;2.77
0000005060;TP38-001;20250907;3.8;1;54.7;2.92
0000005061;TP38-001;20250908;2.3;1;56.5;2.56
0000005062;TP38-001;20250912;2.9;1;60.4;2.71
0000005063;TP38-001;20250914;2.8;1;59.5;3.38
0000005064;TP38-001;20250916;2.8;1;58.3;2.90
0000005065;TP38-001;20250921;2.9;1;60.1;2.63
0000005066;TP38-001;20250927;3.5;1;55.7;3.30
0000005067;TP38-001;20250929;2.6;1;61.0;2.44
0000005068;TP38-001;20251005;3.9;1;58.4;3.00
0000005069;TP38-001;20251007;2.0;1;59.8;2.72
0000005070;TP38-001;20251010;3.8;1;56.7;3.17
0000005071;TP38-001;20251014;1.9;1;58.0;2.62
0000005072;TP38-001;20251016;2.4;1;57.5;2.84
0000005073;TP38-001;20251018;3.2;1;54.5;2.66
0000005074;TP38-001;20251020;2.4;2;55.0;2.12
0000005075;TP38-001;20251026;3.2;1;59.2;3.04
0000005076;TP38-001;20251028;2.0;1;55.7;3.14
0000005077;TP38-001;20251102;2.3;1;58.6;3.13
0000005078;TP38-001;20251107;2.3;1;56.0;2.47
0000005079;TP38-001;20251109;2.6;2;54.1;2.98
0000005080;TP38-001;20251113;3.9;1;59.3;2.55
0000005081;TP38-001;20251116;2.9;2;56.1;3.54
0000005082;TP38-001;20251121;2.5;1;59.0;2.75
0000005083;TP38-001;20251127;3.8;1;55.9;2.85
0000005084;TP38-001;20251129;3.3;1;51.5;2.36
0000005085;TP38-001;20251205;2.9;1;52.6;2.64
0000005086;TP38-001;20251210;3.1;1;52.6;2.59
0000005087;TP38-001;20251212;2.1;1;55.9;2.99
0000005088;TP38-001;20251216;3.1;2;52.8;3.58
0000005089;TP38-001;20251222;1.8;1;55.2;3.23
0000005090;TP38-001;20251226;2.2;1;52.4;3.54
0000005091;TP38-001;20251227;2.0;1;56.2;3.12
0000005092;TP38-001;20251228;3.8;1;56.5;3.09
0000005093;TP38-001;20260102;1.8;1;58.2;3.38
0000005094;TP38-001;20260104;1.8;1;54.7;2.28
0000005095;TP38-001;20260106;1.8;1;55.3;3.00
0000005096;TP38-001;20260109;3.3;2;54.0;2.84
0000005097;TP38-001;20260111;2.5;2;51.3;2.79
0000005098;TP38-001;20260117;3.1;1;52.9;3.50
0000005099;TP38-001;20260121;3.6;2;57.3;3.26
0000005100;TP38-001;20260125;1.9;1;56.9;2.64
0000005101;TP38-001;20260130;2.2;2;54.6;3.90
0000005102;TP38-001;20260204;1.9;1;52.3;3.20
0000005103;TP38-001;20260210;2.5;1;54.9;3.78
0000005104;TP38-001;20260212;3.8;1;59.3;2.38
0000005105;TP38-001;20260217;2.1;1;50.1;3.81
0000005106;TP38-001;20260219;3.4;1;57.1;2.68
0000005107;TP38-001;20260222;2.3;1;55.1;3.02
0000005108;TP38-001;20260227;3.5;1;52.1;2.76
0000005109;TP38-001;20260304;2.6;2;58.2;2.91
0000005110;TP38-001;20260306;3.5;1;54.1;3.51
0000005111;TP38-001;20260307;3.9;1;56.5;4.06
0000005112;TP38-001;20260311;3.2;1;53.5;3.37
0000005113;TP38-001;20260315;2.4;1;56.2;3.34
0000005114;TP38-001;20260318;2.4;1;57.1;3.22
0000005115;TP38-001;20260320;2.5;1;51.9;2.64
0000005116;TP38-001;20260322;3.1;1;51.7;4.16
0000005117;TP38-001;20260325;3.1;1;54.3;3.87
0000005118;TP38-001;20260328;2.1;1;53.6;3.23
0000005119;TP38-001;20260330;2.5;2;51.7;2.97
0000005120;TP38-001;20260404;2.5;1;51.5;4.25
0000005121;TP38-001;20260407;3.4;1;50.3;3.81
0000005122;TP38-001;20260411;3.5;1;50.8;3.67
0000005123;TP38-001;20260413;3.9;1;54.5;2.85
0000005124;TP38-001;20260414;3.6;1;56.2;2.57
0000005125;TP38-001;20260417;3.8;1;54.6;2.49
0000005126;TP38-001;20260419;2.3;1;51.2;3.62
0000005127;TP38-001;20260420;1.7;1;53.8;3.00
0000005128;TP38-001;20260421;2.4;2;55.3;2.59
0000005129;TP38-001;20260423;1.9;1;51.5;3.11
0000005130;TP38-001;20260428;2.9;1;53.4;2.74
0000005131;TP38-001;20260502;3.8;1;52.5;2.95
0000005132;TP38-001;20260504;3.7;1;49.9;3.13
0000005133;TP38-001;20260505;2.6;1;49.1;2.97
0000005134;TP38-001;20260507;3.9;1;57.4;3.18
0000005135;TP38-001;20260509;2.2;1;48.8;3.29
0000005136;TP38-001;20260513;3.8;1;50.4;4.14
0000005137;TP38-001;20260517;3.1;1;49.2;2.30
0000005138;TP38-001;20260520;3.0;1;49.1;3.50
0000005139;TP38-001;20260525;2.2;1;52.6;3.82
0000005140;TP38-001;20260528;3.2;1;57.6;2.97
0000005141;TP38-001;20260531;3.3;1;56.6;3.77
0000005142;TP38-001;20260604;3.0;1;55.4;2.52
0000005143;TP38-001;20260606;2.4;1;53.7;4.06
0000005144;TP38-001;20260610;2.6;1;53.5;3.69
0000005145;TP38-001;20260613;2.5;1;54.0;3.08
0000005146;TP38-001;20260617;2.0;1;51.8;3.89
0000005147;TP38-001;20260618;3.7;2;53.9;4.25
0000005148;TP38-001;20260621;3.2;1;51.7;3.69
0000005149;TP38-001;20260624;3.7;1;54.1;4.15
0000005150;TP38-001;20260626;2.3;1;54.4;4.22
0000005151;TP38-001;20260628;2.8;1;57.2;3.37
0000005152;TP38-001;20260704;2.8;1;50.6;4.23
0000005153;TP38-001;20260710;3.8;2;51.8;2.86
0000005154;TP38-001;20260716;2.1;2;48.1;2.69
0000005155;TP38-001;20260720;3.7;1;52.8;4.18
0000005156;TP38-001;20260724;1.9;1;49.7;4.87
0000005157;TP38-001;20260726;3.7;1;52.5;2.98
0000005158;TP38-001;20260729;2.4;1;52.3;3.12
0000005159;TP38-001;20260802;3.6;1;48.8;3.13
0000005160;TP38-002;20240808;2.4;2;58.4;1.65
0000005161;TP38-002;20240816;1.8;1;58.6;2.30
0000005162;TP38-002;20240818;3.0;1;59.6;1.56
0000005163;TP38-002;20240820;2.6;1;58.9;2.23
0000005164;TP38-002;20240826;1.8;1;62.5;2.50
0000005165;TP38-002;20240903;3.2;1;58.4;2.09
0000005166;TP38-002;20240907;3.5;1;62.1;2.69
0000005167;TP38-002;20240915;3.6;1;61.3;1.56
0000005168;TP38-002;20240916;2.3;1;59.4;1.59
0000005169;TP38-002;20240923;2.7;1;60.2;2.04
0000005170;TP38-002;20240924;2.0;1;57.6;2.05
0000005171;TP38-002;20240929;3.3;1;57.7;1.73
0000005172;TP38-002;20240930;3.5;1;60.0;1.90
0000005173;TP38-002;20241007;3.0;1;61.4;2.47
0000005174;TP38-002;20241008;1.6;1;59.0;1.65
0000005175;TP38-002;20241010;3.3;1;55.4;2.18
0000005176;TP38-002;20241018;2.7;1;56.9;1.71
0000005177;TP38-002;20241024;3.1;1;60.0;1.92
0000005178;TP38-002;20241030;2.9;1;60.4;2.27
0000005179;TP38-002;20241102;3.6;1;60.4;2.07
0000005180;TP38-002;20241105;3.5;1;54.4;2.26
0000005181;TP38-002;20241111;1.8;2;58.2;1.95
0000005182;TP38-002;20241117;2.0;1;56.1;2.82
0000005183;TP38-002;20241123;2.0;1;59.0;2.29
0000005184;TP38-002;20241129;1.6;1;59.3;2.88
0000005185;TP38-002;20241203;1.8;1;59.0;1.97
0000005186;TP38-002;20241208;3.7;1;55.6;2.35
0000005187;TP38-002;20241216;3.4;1;59.0;2.23
0000005188;TP38-002;20241224;3.4;1;59.4;2.11
0000005189;TP38-002;20241230;3.5;2;58.9;2.10
0000005190;TP38-002;20250107;3.0;1;57.8;2.54
0000005191;TP38-002;20250112;3.7;2;57.7;2.81
0000005192;TP38-002;20250119;3.5;1;57.2;2.32
0000005193;TP38-002;20250126;2.7;1;59.0;2.41
0000005194;TP38-002;20250203;3.3;1;53.7;1.92
0000005195;TP38-002;20250204;1.8;1;55.8;2.76
0000005196;TP38-002;20250210;2.5;1;57.4;2.59
0000005197;TP38-002;20250212;3.1;1;60.7;2.65
0000005198;TP38-002;20250214;2.0;1;54.2;2.24
0000005199;TP38-002;20250217;3.4;1;57.3;2.90
0000005200;TP38-002;20250220;3.3;2;57.3;3.03
0000005201;TP38-002;20250221;2.2;1;54.0;17.80
0000005202;TP38-002;20250301;3.6;2;53.6;2.66
0000005203;TP38-002;20250306;2.2;1;55.4;2.95
0000005204;TP38-002;20250307;3.1;1;56.6;3.03
0000005205;TP38-002;20250314;1.7;1;57.3;2.07
0000005206;TP38-002;20250320;3.2;1;55.0;2.37
0000005207;TP38-002;20250327;1.6;1;55.6;2.70
0000005208;TP38-002;20250331;2.1;2;55.8;2.59
0000005209;TP38-002;20250405;3.0;1;51.4;3.17
0000005210;TP38-002;20250406;3.2;1;55.4;3.36
0000005211;TP38-002;20250410;2.8;1;51.7;2.50
0000005212;TP38-002;20250411;2.8;1;56.6;2.76
0000005213;TP38-002;20250417;3.1;1;58.2;2.64
0000005214;TP38-002;20250425;2.3;1;52.3;3.28
0000005215;TP38-002;20250430;2.1;1;52.0;2.44
0000005216;TP38-002;20250508;2.4;1;55.3;2.67
0000005217;TP38-002;20250515;2.7;1;55.5;2.85
0000005218;TP38-002;20250519;3.0;1;59.3;2.70
0000005219;TP38-002;20250520;2.0;1;52.1;2.34
0000005220;TP38-002;20250521;3.6;1;53.7;3.28
0000005221;TP38-002;20250529;3.5;1;53.1;2.04
0000005222;TP38-002;20250531;2.0;1;54.7;2.77
0000005223;TP38-002;20250601;3.2;1;56.9;2.39
0000005224;TP38-002;20250604;2.1;1;56.7;2.64
0000005225;TP38-002;20250612;2.0;1;50.7;2.87
0000005226;TP38-002;20250619;3.0;2;57.3;3.44
0000005227;TP38-002;20250626;1.8;1;56.8;3.09
0000005228;TP38-002;20250702;2.1;1;55.8;2.63
0000005229;TP38-002;20250706;2.1;1;56.0;3.00
0000005230;TP38-002;20250714;3.6;1;54.3;3.06
0000005231;TP38-002;20250715;1.6;2;51.3;2.53
0000005232;TP38-002;20250716;3.4;1;52.4;2.78
0000005233;TP38-002;20250722;3.1;1;53.9;2.95
0000005234;TP38-002;20250730;2.5;1;52.2;3.03
0000005235;TP38-002;20250805;2.4;1;55.6;2.99
0000005236;TP38-002;20250813;3.1;1;54.5;2.60
0000005237;TP38-002;20250816;2.5;1;51.1;2.28
0000005238;TP38-002;20250821;2.9;1;53.3;2.63
0000005239;TP38-002;20250829;3.0;2;54.5;2.57
0000005240;TP38-002;20250903;3.0;1;53.5;2.91
0000005241;TP38-002;20250906;1.9;1;54.5;4.01
0000005242;TP38-002;20250908;1.8;1;51.1;3.71
0000005243;TP38-002;20250914;3.4;1;50.2;3.48
0000005244;TP38-002;20250919;2.1;1;52.9;3.15
0000005245;TP38-002;20250927;2.0;2;52.2;2.94
0000005246;TP38-002;20251001;3.4;1;53.8;2.18
0000005247;TP38-002;20251006;1.7;1;50.9;3.02
0000005248;TP38-002;20251013;3.2;1;53.6;2.85
0000005249;TP38-002;20251020;3.0;1;52.3;2.86
0000005250;TP38-002;20251022;3.0;1;56.9;3.14
0000005251;TP38-002;20251029;2.3;1;54.7;3.37
0000005252;TP38-002;20251103;3.2;1;56.6;3.13
0000005253;TP38-002;20251104;3.6;1;52.6;4.16
0000005254;TP38-002;20251105;2.1;1;54.3;2.91
0000005255;TP38-002;20251106;2.0;1;56.8;3.90
0000005256;TP38-002;20251110;3.4;1;51.4;3.37
0000005257;TP38-002;20251115;2.8;1;53.0;3.04
0000005258;TP38-002;20251116;2.1;1;54.6;3.53
0000005259;TP38-002;20251120;2.6;2;56.3;3.72
0000005260;TP38-002;20251124;3.4;2;55.5;2.57
0000005261;TP38-002;20251125;3.5;1;53.9;3.31
0000005262;TP38-002;20251128;2.5;1;47.1;3.32
0000005263;TP38-002;20251205;3.5;1;53.5;3.21
0000005264;TP38-002;20251209;3.2;1;53.3;2.89
0000005265;TP38-002;20251212;3.1;1;53.3;2.64
0000005266;TP38-002;20251215;3.5;1;49.0;3.22
0000005267;TP38-002;20251219;3.5;1;51.0;3.07
0000005268;TP38-002;20251226;2.3;2;50.7;4.05
0000005269;TP38-002;20251228;3.0;1;50.6;3.29
0000005270;TP38-002;20260102;3.4;2;50.5;3.31
0000005271;TP38-002;20260104;3.3;1;50.8;2.52
0000005272;TP38-002;20260106;2.0;1;53.1;2.99
0000005273;TP38-002;20260111;3.5;1;48.7;3.57
0000005274;TP38-002;20260117;1.9;1;55.6;3.48
0000005275;TP38-002;20260123;3.7;1;48.6;3.18
0000005276;TP38-002;20260124;3.5;1;51.3;3.46
0000005277;TP38-002;20260128;2.7;1;49.2;4.13
0000005278;TP38-002;20260204;3.4;2;51.7;3.45
0000005279;TP38-002;20260205;3.0;1;54.7;3.90
0000005280;TP38-002;20260212;2.6;2;48.2;3.52
0000005281;TP38-002;20260215;1.7;1;49.5;3.97
0000005282;TP38-002;20260218;3.3;1;51.7;3.64
0000005283;TP38-002;20260222;1.9;1;56.9;2.93
0000005284;TP38-002;20260223;2.6;1;54.6;3.68
0000005285;TP38-002;20260227;2.4;1;50.7;3.30
0000005286;TP38-002;20260307;2.9;1;46.6;4.09
0000005287;TP38-002;20260314;3.2;1;48.2;3.24
0000005288;TP38-002;20260322;2.1;1;52.1;4.06
0000005289;TP38-002;20260324;2.5;1;46.5;3.83
0000005290;TP38-002;20260327;3.6;2;50.9;3.00
0000005291;TP38-002;20260402;3.3;2;51.0;3.08
0000005292;TP38-002;20260406;2.9;1;51.7;3.73
0000005293;TP38-002;20260409;2.5;1;46.9;4.57
0000005294;TP38-002;20260412;3.1;1;46.2;3.11
0000005295;TP38-002;20260415;3.2;1;47.7;3.52
0000005296;TP38-002;20260417;2.0;1;52.0;3.25
0000005297;TP38-002;20260419;2.0;1;51.4;4.11
0000005298;TP38-002;20260421;1.9;2;53.7;2.51
0000005299;TP38-002;20260424;2.7;1;48.7;4.54
0000005300;TP38-002;20260427;1.9;1;46.0;4.60
0000005301;TP38-002;20260430;3.3;1;51.5;4.25
0000005302;TP38-002;20260504;2.1;2;55.5;3.08
0000005303;TP38-002;20260506;3.2;1;56.5;3.28
0000005304;TP38-002;20260509;3.0;1;49.1;3.35
0000005305;TP38-002;20260514;3.0;1;47.6;3.91
0000005306;TP38-002;20260516;3.0;1;50.3;4.53
0000005307;TP38-002;20260522;3.3;1;51.7;3.34
0000005308;TP38-002;20260524;2.3;1;44.8;3.95
0000005309;TP38-002;20260531;2.6;1;49.1;3.93
0000005310;TP38-002;20260608;2.9;1;53.5;3.63
0000005311;TP38-002;20260613;2.0;1;51.4;3.98
0000005312;TP38-002;20260621;3.4;1;48.3;4.42
0000005313;TP38-002;20260625;2.1;1;51.7;3.16
0000005314;TP38-002;20260628;2.4;1;54.6;3.41
0000005315;TP38-002;20260706;2.9;2;47.8;3.85
0000005316;TP38-002;20260714;3.3;1;46.5;4.22
0000005317;TP38-002;20260721;3.2;1;53.7;4.46
0000005318;TP38-002;20260726;2.0;1;54.0;4.42
0000005319;TP38-002;20260727;3.1;1;46.2;4.30
0000005320;TP38-002;20260802;3.0;1;52.1;4.30
0000005321;TS1400-DUR1;20250118;0.2;1;76.1;1.69
0000005322;TS1400-DUR1;20250119;0.2;1;76.8;1.23
0000005323;TS1400-DUR1;20250120;0.3;1;75.0;1.27
0000005324;TS1400-DUR1;20250121;0.4;1;74.4;1.85
0000005325;TS1400-DUR1;20250122;0.3;1;75.4;1.81
0000005326;TS1400-DUR1;20250123;0.3;2;76.9;1.23
0000005327;TS1400-DUR1;20250124;0.2;1;74.7;1.02
0000005328;TS1400-DUR1;20250125;0.3;1;75.0;1.54
0000005329;TS1400-DUR1;20250126;0.3;1;77.8;1.63
0000005330;TS1400-DUR1;20250127;0.4;1;74.2;1.96
0000005331;TS1400-DUR1;20250128;0.3;1;77.6;1.08
0000005332;TS1400-DUR1;20250129;0.2;1;76.2;1.62
0000005333;TS1400-DUR1;20250130;0.3;2;75.3;1.13
0000005334;TS1400-DUR1;20250131;0.3;1;73.8;1.13
0000005335;TS1400-DUR1;20250201;0.3;1;74.2;1.85
0000005336;TS1400-DUR1;20250202;0.2;1;77.6;2.05
0000005337;TS1400-DUR1;20250203;0.2;1;75.5;1.59
0000005338;TS1400-DUR1;20250204;0.2;1;75.1;1.57
0000005339;TS1400-DUR1;20250205;0.2;1;75.8;1.08
0000005340;TS1400-DUR1;20250206;0.4;1;74.3;1.24
0000005341;TS1400-DUR1;20250207;0.3;1;77.2;1.33
0000005342;TS1400-DUR1;20250208;0.2;1;75.1;1.25
0000005343;TS1400-DUR1;20250209;0.3;1;75.0;1.75
0000005344;TS1400-DUR1;20250210;0.2;1;77.4;1.41
0000005345;TS1400-DUR1;20250211;0.4;1;78.3;1.58
0000005346;TS1400-DUR1;20250212;0.3;1;75.2;1.43
0000005347;TS1400-DUR1;20250213;0.3;1;75.1;1.55
0000005348;TS1400-DUR1;20250214;0.3;1;75.9;1.51
0000005349;TS1400-DUR1;20250215;0.2;1;73.8;1.94
0000005350;TS1400-DUR1;20250216;0.3;1;76.2;1.95
0000005351;TS1400-DUR1;20250217;0.2;1;74.6;1.88
0000005352;TS1400-DUR1;20250218;0.4;2;77.2;1.25
0000005353;TS1400-DUR1;20250219;0.2;1;73.8;1.94
0000005354;TS1400-DUR1;20250220;0.2;1;77.3;1.26
0000005355;TS1400-DUR1;20250221;0.2;2;77.5;1.89
0000005356;TS1400-DUR1;20250222;0.2;1;77.4;1.63
0000005357;TS1400-DUR1;20250223;0.3;1;73.0;1.41
0000005358;TS1400-DUR1;20250224;0.2;1;77.1;1.54
0000005359;TS1400-DUR1;20250225;0.3;1;74.8;2.05
0000005360;TS1400-DUR1;20250226;0.2;1;73.3;1.15
0000005361;TS1400-DUR1;20250227;0.3;1;76.2;1.78
0000005362;TS1400-DUR1;20250228;0.3;2;73.5;1.24
0000005363;TS1400-DUR1;20250301;0.3;1;73.9;2.00
0000005364;TS1400-DUR1;20250302;0.3;1;75.8;1.86
0000005365;TS1400-DUR1;20250303;0.2;1;73.3;1.33
0000005366;TS1400-DUR1;20250304;0.3;1;76.9;1.16
0000005367;TS1400-DUR1;20250305;0.3;2;75.7;1.88
0000005368;TS1400-DUR1;20250306;0.4;1;73.1;2.13
0000005369;TS1400-DUR1;20250307;0.3;1;76.6;1.62
0000005370;TS1400-DUR1;20250308;0.3;1;77.0;2.06
0000005371;TS1400-DUR1;20250309;0.2;1;76.6;1.55
0000005372;TS1400-DUR1;20250310;0.2;1;75.3;1.90
0000005373;TS1400-DUR1;20250311;0.3;1;75.4;1.25
0000005374;TS1400-DUR1;20250312;0.4;1;71.7;1.63
0000005375;TS1400-DUR1;20250313;0.3;1;76.1;1.44
0000005376;TS1400-DUR1;20250314;0.3;1;75.7;1.35
0000005377;TS1400-DUR1;20250315;0.2;1;72.2;1.88
0000005378;TS1400-DUR1;20250316;0.2;2;74.9;1.15
0000005379;TS1400-DUR1;20250317;0.2;2;75.2;1.25
0000005380;TS1400-DUR1;20250318;0.3;2;75.8;1.78
0000005381;TS1400-DUR1;20250319;0.2;1;73.4;1.84
0000005382;TS1400-DUR1;20250320;0.3;2;72.6;1.44
0000005383;TS1400-DUR1;20250321;0.4;1;74.0;1.86
0000005384;TS1400-DUR1;20250322;0.2;1;76.6;2.15
0000005385;TS1400-DUR1;20250323;0.3;1;71.7;1.31
0000005386;TS1400-DUR1;20250324;0.3;1;73.1;1.99
0000005387;TS1400-DUR1;20250325;0.2;1;72.9;2.19
0000005388;TS1400-DUR1;20250326;0.2;2;75.4;1.98
0000005389;TS1400-DUR1;20250327;0.2;1;73.9;1.72
0000005390;TS1400-DUR1;20250328;0.2;1;74.4;1.31
0000005391;TS1400-DUR1;20250329;0.2;1;74.0;2.24
0000005392;TS1400-DUR1;20250330;0.3;1;75.0;1.45
0000005393;TS1400-DUR1;20250331;0.2;1;75.6;1.71
0000005394;TS1400-DUR1;20250401;0.3;1;73.1;1.19
0000005395;TS1400-DUR1;20250402;0.2;1;72.6;1.84
0000005396;TS1400-DUR1;20250403;0.3;1;75.9;1.25
0000005397;TS1400-DUR1;20250404;0.3;1;76.4;2.20
0000005398;TS1400-DUR1;20250405;0.2;1;71.2;1.75
0000005399;TS1400-DUR1;20250406;0.4;1;75.4;1.38
0000005400;TS1400-DUR1;20250407;0.3;1;72.1;2.16
0000005401;TS1400-DUR1;20250408;0.2;2;71.3;1.35
0000005402;TS1400-DUR1;20250409;0.3;1;72.3;1.45
0000005403;TS1400-DUR1;20250410;0.3;1;73.0;1.68
0000005404;TS1400-DUR1;20250411;0.3;1;72.0;1.92
0000005405;TS1400-DUR1;20250412;0.4;1;73.2;1.44
0000005406;TS1400-DUR1;20250413;0.3;1;72.4;1.95
0000005407;TS1400-DUR1;20250414;0.3;1;76.7;2.25
0000005408;TS1400-DUR1;20250415;0.4;1;76.6;1.96
0000005409;TS1400-DUR1;20250416;0.2;1;73.9;1.37
0000005410;TS1400-DUR1;20250417;0.3;1;73.6;1.50
0000005411;TS1400-DUR1;20250418;0.3;1;73.9;2.00
0000005412;TS1400-DUR1;20250419;0.3;1;74.9;2.06
0000005413;TS1400-DUR1;20250420;0.2;1;72.9;1.49
0000005414;TS1400-DUR1;20250421;0.3;1;74.8;2.22
0000005415;TS1400-DUR1;20250422;0.4;1;72.0;1.17
0000005416;TS1400-DUR1;20250423;0.3;1;71.4;1.88
0000005417;TS1400-DUR1;20250424;0.2;1;72.5;1.64
0000005418;TS1400-DUR1;20250425;0.4;1;72.7;1.24
0000005419;TS1400-DUR1;20250426;0.2;1;72.3;1.49
0000005420;TS1400-DUR1;20250427;0.4;1;75.1;1.68
0000005421;TS1400-DUR1;20250428;0.2;1;71.7;2.16
0000005422;TS1400-DUR1;20250429;0.2;1;74.0;1.56
0000005423;TS1400-DUR1;20250430;0.4;2;74.8;2.26
0000005424;TS1400-DUR1;20250501;0.3;2;73.9;1.50
0000005425;TS1400-DUR1;20250502;0.3;1;72.9;1.41
0000005426;TS1400-DUR1;20250503;0.2;1;74.1;1.85
0000005427;TS1400-DUR1;20250504;0.3;1;71.9;2.04
0000005428;TS1400-DUR1;20250505;0.3;1;75.1;1.53
0000005429;TS1400-DUR1;20250506;0.2;1;71.8;1.47
0000005430;TS1400-DUR1;20250507;0.3;1;71.1;2.36
0000005431;TS1400-DUR1;20250508;0.3;1;71.9;1.75
0000005432;TS1400-DUR1;20250509;0.3;1;74.7;1.86
0000005433;TS1400-DUR1;20250510;0.3;2;71.9;1.89
0000005434;TS1400-DUR1;20250511;0.2;2;68.8;2.20
0000005435;TS1400-DUR1;20250512;0.3;1;71.8;2.20
0000005436;TS1400-DUR1;20250513;0.4;1;72.7;1.82
0000005437;TS1400-DUR1;20250514;0.2;1;73.1;2.28
0000005438;TS1400-DUR1;20250515;0.3;1;71.0;1.88
0000005439;TS1400-DUR1;20250516;0.3;1;74.5;1.88
0000005440;TS1400-DUR1;20250517;0.4;2;70.7;1.93
0000005441;TS1400-DUR1;20250518;0.2;2;72.2;1.55
0000005442;TS1400-DUR1;20250519;0.3;1;73.0;2.12
0000005443;TS1400-DUR1;20250520;0.3;1;72.3;1.77
0000005444;TS1400-DUR1;20250521;0.2;1;69.1;2.38
0000005445;TS1400-DUR1;20250522;0.3;1;72.5;1.60
0000005446;TS1400-DUR1;20250523;0.3;1;70.5;1.48
0000005447;TS1400-DUR1;20250524;0.4;2;71.8;1.97
0000005448;TS1400-DUR1;20250525;0.2;1;72.6;2.14
0000005449;TS1400-DUR1;20250526;0.2;1;69.4;2.35
0000005450;TS1400-DUR1;20250527;0.3;1;70.7;1.94
0000005451;TS1400-DUR1;20250528;0.4;1;71.9;1.64
0000005452;TS1400-DUR1;20250529;0.2;1;72.5;2.15
0000005453;TS1400-DUR1;20250530;0.3;1;71.3;2.22
0000005454;TS1400-DUR1;20250531;0.3;1;67.9;1.86
0000005455;TS1400-DUR1;20250601;0.2;2;74.1;1.67
0000005456;TS1400-DUR1;20250602;0.2;1;74.8;1.41
0000005457;TS1400-DUR1;20250603;0.2;2;70.6;1.99
0000005458;TS1400-DUR1;20250604;0.2;1;70.9;1.51
0000005459;TS1400-DUR1;20250605;0.3;1;68.6;1.41
0000005460;TS1400-DUR1;20250606;0.4;1;71.6;2.38
0000005461;TS1400-DUR1;20250607;0.4;1;73.0;1.38
0000005462;TS1400-DUR1;20250608;0.2;1;74.2;1.76
0000005463;TS1400-DUR1;20250609;0.2;1;70.6;2.45
0000005464;TS1400-DUR1;20250610;0.2;1;67.9;2.17
0000005465;TS1400-DUR1;20250611;0.2;2;68.2;2.32
0000005466;TS1400-DUR1;20250612;0.2;2;72.1;2.08
0000005467;TS1400-DUR1;20250613;0.4;1;70.5;2.39
0000005468;TS1400-DUR1;20250614;0.2;1;72.3;2.29
0000005469;TS1400-DUR1;20250615;0.2;1;68.9;1.43
0000005470;TS1400-DUR1;20250616;0.3;1;71.5;1.34
0000005471;TS1400-DUR1;20250617;0.3;1;73.3;1.90
0000005472;TS1400-DUR1;20250618;0.2;1;71.3;1.65
0000005473;TS1400-DUR1;20250619;0.4;1;71.2;2.21
0000005474;TS1400-DUR1;20250620;0.4;1;72.3;1.57
0000005475;TS1400-DUR1;20250621;0.2;1;74.6;2.27
0000005476;TS1400-DUR1;20250622;0.3;1;70.9;1.93
0000005477;TS1400-DUR1;20250623;0.4;1;71.3;1.84
0000005478;TS1400-DUR1;20250624;0.3;1;71.2;1.53
0000005479;TS1400-DUR1;20250625;0.3;1;67.5;2.32
0000005480;TS1400-DUR1;20250626;0.3;1;73.0;1.56
0000005481;TS1400-DUR1;20250627;0.3;1;72.9;1.83
0000005482;TS1400-DUR1;20250628;0.3;2;70.8;2.31
0000005483;TS1400-DUR1;20250629;0.3;1;68.9;1.91
0000005484;TS1400-DUR1;20250630;0.2;1;73.0;1.50
0000005485;TS1400-DUR1;20250701;0.4;2;74.0;2.07
0000005486;TS1400-DUR1;20250702;0.2;1;71.3;1.97
0000005487;TS1400-DUR1;20250703;0.2;1;69.9;2.16
0000005488;TS1400-DUR1;20250704;0.2;1;70.6;2.03
0000005489;TS1400-DUR1;20250705;0.3;1;71.5;1.55
0000005490;TS1400-DUR1;20250706;0.2;1;70.4;2.08
0000005491;TS1400-DUR1;20250707;0.2;1;71.2;1.52
0000005492;TS1400-DUR1;20250708;0.2;1;70.6;2.56
0000005493;TS1400-DUR1;20250709;0.3;1;72.5;2.03
0000005494;TS1400-DUR1;20250710;0.2;1;70.1;2.58
0000005495;TS1400-DUR1;20250711;0.3;1;66.6;2.18
0000005496;TS1400-DUR1;20250712;0.4;2;69.7;1.92
0000005497;TS1400-DUR1;20250713;0.2;1;74.1;2.39
0000005498;TS1400-DUR1;20250714;0.3;1;68.3;1.63
0000005499;TS1400-DUR1;20250715;0.2;1;67.3;1.98
0000005500;TS1400-DUR1;20250716;0.3;2;66.6;2.06
0000005501;TS1400-DUR1;20250717;0.3;1;70.3;1.69
0000005502;TS1400-DUR1;20250718;0.2;1;68.3;2.22
0000005503;TS1400-DUR1;20250719;0.4;1;70.2;2.16
0000005504;TS1400-DUR1;20250720;0.4;1;67.0;2.29
0000005505;TS1400-DUR1;20250721;0.4;1;67.8;1.39
0000005506;TS1400-DUR1;20250722;0.3;1;72.2;1.99
0000005507;TS1400-DUR1;20250723;0.2;1;71.1;2.29
0000005508;TS1400-DUR1;20250724;0.4;1;66.2;2.26
0000005509;TS1400-DUR1;20250725;0.2;1;69.4;2.36
0000005510;TS1400-DUR1;20250726;0.2;1;72.0;1.88
0000005511;TS1400-DUR1;20250727;0.3;1;70.6;2.06
0000005512;TS1400-DUR1;20250728;0.2;2;70.5;2.33
0000005513;TS1400-DUR1;20250729;0.2;1;67.1;2.08
0000005514;TS1400-DUR1;20250730;0.3;2;71.5;1.48
0000005515;TS1400-DUR1;20250731;0.3;1;67.9;12.92
0000005516;TS1400-DUR1;20250801;0.3;2;69.8;2.34
0000005517;TS1400-DUR1;20250802;0.4;1;68.1;1.75
0000005518;TS1400-DUR1;20250803;0.3;2;71.8;2.39
0000005519;TS1400-DUR1;20250804;0.2;2;69.0;2.38
0000005520;TS1400-DUR1;20250805;0.3;1;68.0;1.49
0000005521;TS1400-DUR1;20250806;0.4;1;70.6;2.01
0000005522;TS1400-DUR1;20250807;0.3;1;69.3;2.31
0000005523;TS1400-DUR1;20250808;0.3;1;73.3;2.36
0000005524;TS1400-DUR1;20250809;0.3;1;66.8;1.61
0000005525;TS1400-DUR1;20250810;0.2;1;66.2;1.89
0000005526;TS1400-DUR1;20250811;0.2;1;67.9;2.38
0000005527;TS1400-DUR1;20250812;0.3;1;69.0;2.54
0000005528;TS1400-DUR1;20250813;0.2;1;69.0;1.86
0000005529;TS1400-DUR1;20250814;0.2;1;69.4;1.47
0000005530;TS1400-DUR1;20250815;0.2;1;69.9;2.07
0000005531;TS1400-DUR1;20250816;0.3;2;67.0;1.76
0000005532;TS1400-DUR1;20250817;0.2;1;69.8;1.99
0000005533;TS1400-DUR1;20250818;0.2;1;70.2;1.86
0000005534;TS1400-DUR1;20250819;0.3;1;73.5;2.01
0000005535;TS1400-DUR1;20250820;0.2;1;67.6;1.98
0000005536;TS1400-DUR1;20250821;0.4;2;69.5;12.30
0000005537;TS1400-DUR1;20250822;0.3;1;69.7;2.49
0000005538;TS1400-DUR1;20250823;0.2;1;68.4;2.30
0000005539;TS1400-DUR1;20250824;0.3;1;70.3;1.61
0000005540;TS1400-DUR1;20250825;0.3;1;71.8;2.59
0000005541;TS1400-DUR1;20250826;0.4;1;70.4;1.95
0000005542;TS1400-DUR1;20250827;0.3;1;65.9;1.81
0000005543;TS1400-DUR1;20250828;0.4;1;68.7;2.29
0000005544;TS1400-DUR1;20250829;0.4;1;70.3;2.25
0000005545;TS1400-DUR1;20250830;0.2;2;65.9;2.22
0000005546;TS1400-DUR1;20250831;0.2;1;70.2;1.91
0000005547;TS1400-DUR1;20250901;0.3;1;69.2;2.35
0000005548;TS1400-DUR1;20250902;0.4;2;68.5;2.59
0000005549;TS1400-DUR1;20250903;0.3;2;69.8;2.37
0000005550;TS1400-DUR1;20250904;0.3;2;69.2;2.25
0000005551;TS1400-DUR1;20250905;0.2;1;68.9;2.39
0000005552;TS1400-DUR1;20250906;0.4;1;66.4;1.85
0000005553;TS1400-DUR1;20250907;0.3;1;66.0;2.07
0000005554;TS1400-DUR1;20250908;0.2;1;67.3;2.42
0000005555;TS1400-DUR1;20250909;0.3;1;71.0;1.85
0000005556;TS1400-DUR1;20250910;0.2;1;66.2;2.28
0000005557;TS1400-DUR1;20250911;0.4;1;66.0;2.37
0000005558;TS1400-DUR1;20250912;0.3;1;68.1;2.44
0000005559;TS1400-DUR1;20250913;0.3;1;67.9;2.65
0000005560;TS1400-DUR1;20250914;0.3;1;68.5;1.87
0000005561;TS1400-DUR1;20250915;0.3;2;65.7;2.36
0000005562;TS1400-DUR1;20250916;0.2;1;66.5;2.36
0000005563;TS1400-DUR1;20250917;0.3;1;72.4;1.86
0000005564;TS1400-DUR1;20250918;0.3;2;68.9;2.78
0000005565;TS1400-DUR1;20250919;0.3;2;66.7;1.85
0000005566;TS1400-DUR1;20250920;0.2;1;68.4;2.73
0000005567;TS1400-DUR1;20250921;0.3;1;68.5;2.76
0000005568;TS1400-DUR1;20250922;0.2;1;66.6;1.64
0000005569;TS1400-DUR1;20250923;0.2;1;67.5;2.40
0000005570;TS1400-DUR1;20250924;0.3;1;66.1;1.99
0000005571;TS1400-DUR1;20250925;0.3;1;66.6;2.76
0000005572;TS1400-DUR1;20250926;0.3;1;68.2;2.81
0000005573;TS1400-DUR1;20250927;0.2;1;69.5;2.58
0000005574;TS1400-DUR1;20250928;0.3;1;66.9;2.16
0000005575;TS1400-DUR1;20250929;0.2;1;68.4;2.03
0000005576;TS1400-DUR1;20250930;0.2;2;66.6;2.37
0000005577;TS1400-DUR1;20251001;0.3;1;68.5;1.70
0000005578;TS1400-DUR1;20251002;0.3;1;64.6;2.58
0000005579;TS1400-DUR1;20251003;0.2;1;65.9;2.74
0000005580;TS1400-DUR1;20251004;0.2;1;68.7;1.69
0000005581;TS1400-DUR1;20251005;0.2;1;69.9;1.89
0000005582;TS1400-DUR1;20251006;0.2;1;70.1;2.16
0000005583;TS1400-DUR1;20251007;0.2;1;69.0;2.20
0000005584;TS1400-DUR1;20251008;0.4;1;66.3;2.75
0000005585;TS1400-DUR1;20251009;0.3;1;67.2;2.08
0000005586;TS1400-DUR1;20251010;0.4;1;69.6;2.18
0000005587;TS1400-DUR1;20251011;0.4;1;66.8;2.77
0000005588;TS1400-DUR1;20251012;0.3;1;63.9;2.53
0000005589;TS1400-DUR1;20251013;0.3;1;65.0;2.62
0000005590;TS1400-DUR1;20251014;0.2;1;69.4;1.66
0000005591;TS1400-DUR1;20251015;0.4;1;66.3;2.02
0000005592;TS1400-DUR1;20251016;0.2;2;67.5;2.43
0000005593;TS1400-DUR1;20251017;0.3;1;70.0;2.35
0000005594;TS1400-DUR1;20251018;0.2;1;65.2;2.23
0000005595;TS1400-DUR1;20251019;0.4;2;67.0;2.42
0000005596;TS1400-DUR1;20251020;0.2;1;67.8;1.99
0000005597;TS1400-DUR1;20251021;0.3;2;70.4;2.73
0000005598;TS1400-DUR1;20251022;0.3;1;63.7;2.48
0000005599;TS1400-DUR1;20251023;0.2;1;67.1;2.45
0000005600;TS1400-DUR1;20251024;0.3;1;62.8;2.11
0000005601;TS1400-DUR1;20251025;0.2;1;68.9;2.58
0000005602;TS1400-DUR1;20251026;0.2;1;64.5;2.33
0000005603;TS1400-DUR1;20251027;0.3;1;67.1;2.92
0000005604;TS1400-DUR1;20251028;0.3;1;67.5;1.94
0000005605;TS1400-DUR1;20251029;0.3;2;66.4;2.25
0000005606;TS1400-DUR1;20251030;0.3;1;68.2;2.02
0000005607;TS1400-DUR1;20251031;0.4;1;65.5;2.24
0000005608;TS1400-DUR1;20251101;0.3;1;65.7;2.44
0000005609;TS1400-DUR1;20251102;0.3;1;68.9;2.18
0000005610;TS1400-DUR1;20251103;0.2;1;65.1;2.65
0000005611;TS1400-DUR1;20251104;0.2;1;65.2;2.26
0000005612;TS1400-DUR1;20251105;0.2;1;65.0;2.96
0000005613;TS1400-DUR1;20251106;0.3;1;64.9;2.11
0000005614;TS1400-DUR1;20251107;0.3;1;69.2;2.48
0000005615;TS1400-DUR1;20251108;0.3;1;66.9;2.39
0000005616;TS1400-DUR1;20251109;0.3;1;65.8;1.91
0000005617;TS1400-DUR1;20251110;0.2;1;67.5;2.30
0000005618;TS1400-DUR1;20251111;0.2;1;66.4;1.94
0000005619;TS1400-DUR1;20251112;0.3;1;65.9;2.48
0000005620;TS1400-DUR1;20251113;0.3;1;63.6;1.69
0000005621;TS1400-DUR1;20251114;0.2;1;65.7;2.96
0000005622;TS1400-DUR1;20251115;0.3;1;69.6;2.75
0000005623;TS1400-DUR1;20251116;0.3;2;66.0;2.74
0000005624;TS1400-DUR1;20251117;0.2;1;67.6;2.62
0000005625;TS1400-DUR1;20251118;0.4;1;66.3;2.23
0000005626;TS1400-DUR1;20251119;0.4;1;69.1;2.78
0000005627;TS1400-DUR1;20251120;0.4;1;65.0;3.06
0000005628;TS1400-DUR1;20251121;0.2;2;64.4;2.53
0000005629;TS1400-DUR1;20251122;0.4;1;67.3;2.50
0000005630;TS1400-DUR1;20251123;0.2;1;66.8;2.15
0000005631;TS1400-DUR1;20251124;0.3;1;68.2;2.57
0000005632;TS1400-DUR1;20251125;0.2;1;65.8;2.56
0000005633;TS1400-DUR1;20251126;0.4;1;67.1;2.58
0000005634;TS1400-DUR1;20251127;0.3;1;63.4;2.69
0000005635;TS1400-DUR1;20251128;0.3;1;66.8;2.41
0000005636;TS1400-DUR1;20251129;0.2;1;68.0;1.86
0000005637;TS1400-DUR1;20251130;0.2;1;62.2;2.03
0000005638;TS1400-DUR1;20251201;0.2;1;64.4;2.45
0000005639;TS1400-DUR1;20251202;0.3;1;64.9;2.33
0000005640;TS1400-DUR1;20251203;0.2;1;68.1;2.15
0000005641;TS1400-DUR1;20251204;0.2;1;61.0;1.99
0000005642;TS1400-DUR1;20251205;0.2;1;63.1;1.80
0000005643;TS1400-DUR1;20251206;0.2;1;64.3;2.59
0000005644;TS1400-DUR1;20251207;0.3;1;64.6;3.20
0000005645;TS1400-DUR1;20251208;0.4;2;65.4;2.53
0000005646;TS1400-DUR1;20251209;0.4;1;68.4;2.10
0000005647;TS1400-DUR1;20251210;0.4;2;65.6;2.84
0000005648;TS1400-DUR1;20251211;0.3;1;64.9;2.30
0000005649;TS1400-DUR1;20251212;0.2;1;70.0;2.34
0000005650;TS1400-DUR1;20251213;0.3;1;67.9;2.96
0000005651;TS1400-DUR1;20251214;0.3;2;66.5;2.27
0000005652;TS1400-DUR1;20251215;0.3;1;63.9;2.06
0000005653;TS1400-DUR1;20251216;0.2;1;64.1;2.24
0000005654;TS1400-DUR1;20251217;0.4;1;67.0;2.34
0000005655;TS1400-DUR1;20251218;0.3;1;70.2;2.29
0000005656;TS1400-DUR1;20251219;0.2;1;63.9;2.27
0000005657;TS1400-DUR1;20251220;0.2;1;69.7;2.99
0000005658;TS1400-DUR1;20251221;0.3;1;61.5;2.12
0000005659;TS1400-DUR1;20251222;0.3;2;67.1;2.16
0000005660;TS1400-DUR1;20251223;0.4;1;65.0;2.05
0000005661;TS1400-DUR1;20251224;0.3;1;62.3;3.16
0000005662;TS1400-DUR1;20251225;0.3;1;64.4;2.92
0000005663;TS1400-DUR1;20251226;0.3;2;64.3;3.01
0000005664;TS1400-DUR1;20251227;0.3;1;61.0;3.24
0000005665;TS1400-DUR1;20251228;0.4;1;60.0;2.38
0000005666;TS1400-DUR1;20251229;0.3;1;68.3;2.91
0000005667;TS1400-DUR1;20251230;0.2;1;63.2;2.89
0000005668;TS1400-DUR1;20251231;0.3;1;59.8;2.22
0000005669;TS1400-DUR1;20260101;0.3;1;67.4;2.32
0000005670;TS1400-DUR1;20260102;0.2;1;65.2;3.23
0000005671;TS1400-DUR1;20260103;0.3;1;59.2;2.45
0000005672;TS1400-DUR1;20260104;0.4;2;64.1;2.74
0000005673;TS1400-DUR1;20260105;0.3;1;65.6;2.38
0000005674;TS1400-DUR1;20260106;0.3;1;66.0;3.09
0000005675;TS1400-DUR1;20260107;0.2;1;63.9;2.31
0000005676;TS1400-DUR1;20260108;0.4;1;61.7;2.25
0000005677;TS1400-DUR1;20260109;0.4;2;67.8;2.44
0000005678;TS1400-DUR1;20260110;0.3;1;65.1;3.23
0000005679;TS1400-DUR1;20260111;0.3;1;65.7;2.03
0000005680;TS1400-DUR1;20260112;0.2;1;69.5;2.79
0000005681;TS1400-DUR1;20260113;0.3;1;68.5;1.74
0000005682;TS1400-DUR1;20260114;0.3;1;63.0;2.74
0000005683;TS1400-DUR1;20260115;0.3;1;64.9;2.00
0000005684;TS1400-DUR1;20260116;0.2;1;63.8;2.54
0000005685;TS1400-DUR1;20260117;0.2;1;65.5;2.58
0000005686;TS1400-DUR1;20260118;0.3;1;62.4;2.94
0000005687;TS1400-DUR1;20260119;0.3;2;62.5;2.89
0000005688;TS1400-DUR1;20260120;0.3;1;63.3;2.55
0000005689;TS1400-DUR1;20260121;0.2;1;64.2;2.99
0000005690;TS1400-DUR1;20260122;0.3;1;65.4;2.90
0000005691;TS1400-DUR1;20260123;0.2;2;63.4;2.73
0000005692;TS1400-DUR1;20260124;0.3;1;66.4;3.21
0000005693;TS1400-DUR1;20260125;0.2;1;60.9;2.68
0000005694;TS1400-DUR1;20260126;0.3;1;66.5;2.97
0000005695;TS1400-DUR1;20260127;0.2;2;66.7;3.32
0000005696;TS1400-DUR1;20260128;0.3;1;63.0;2.91
0000005697;TS1400-DUR1;20260129;0.4;1;66.5;1.91
0000005698;TS1400-DUR1;20260130;0.4;1;59.5;2.77
0000005699;TS1400-DUR1;20260131;0.2;1;59.6;1.77
0000005700;TS1400-DUR1;20260201;0.2;1;61.7;1.97
0000005701;TS1400-DUR1;20260202;0.2;1;59.5;2.95
0000005702;TS1400-DUR1;20260203;0.2;1;59.7;1.91
0000005703;TS1400-DUR1;20260204;0.4;1;60.0;2.64
0000005704;TS1400-DUR1;20260205;0.2;1;66.5;2.52
0000005705;TS1400-DUR1;20260206;0.2;1;63.4;2.39
0000005706;TS1400-DUR1;20260207;0.2;1;66.7;2.40
0000005707;TS1400-DUR1;20260208;0.3;1;58.0;2.10
0000005708;TS1400-DUR1;20260209;0.2;1;62.0;2.80
0000005709;TS1400-DUR1;20260210;0.2;2;61.7;2.10
0000005710;TS1400-DUR1;20260211;0.3;1;66.2;2.93
0000005711;TS1400-DUR1;20260212;0.2;1;67.2;2.73
0000005712;TS1400-DUR1;20260213;0.3;1;57.9;2.69
0000005713;TS1400-DUR1;20260214;0.4;2;60.9;2.53
0000005714;TS1400-DUR1;20260215;0.3;1;60.7;2.18
0000005715;TS1400-DUR1;20260216;0.2;1;65.3;2.61
0000005716;TS1400-DUR1;20260217;0.3;2;64.9;2.21
0000005717;TS1400-DUR1;20260218;0.3;1;58.7;2.42
0000005718;TS1400-DUR1;20260219;0.2;1;60.5;2.79
0000005719;TS1400-DUR1;20260220;0.3;1;57.7;1.92
0000005720;TS1400-DUR1;20260221;0.2;2;62.5;2.75
0000005721;TS1400-DUR1;20260222;0.2;1;68.9;2.38
0000005722;TS1400-DUR1;20260223;0.2;1;63.2;1.90
0000005723;TS1400-DUR1;20260224;0.2;1;62.2;2.06
0000005724;TS1400-DUR1;20260225;0.4;2;61.2;2.89
0000005725;TS1400-DUR1;20260226;0.3;1;64.7;2.76
0000005726;TS1400-DUR1;20260227;0.4;1;65.7;2.51
0000005727;TS1400-DUR1;20260228;0.2;1;65.3;2.65
0000005728;TS1400-DUR1;20260301;0.2;1;66.0;2.45
0000005729;TS1400-DUR1;20260302;0.3;1;64.0;2.72
0000005730;TS1400-DUR1;20260303;0.2;1;66.5;2.56
0000005731;TS1400-DUR1;20260304;0.3;1;57.3;2.00
0000005732;TS1400-DUR1;20260305;0.4;1;59.8;2.54
0000005733;TS1400-DUR1;20260306;0.2;1;59.8;2.37
0000005734;TS1400-DUR1;20260307;0.2;1;62.9;2.18
0000005735;TS1400-DUR1;20260308;0.2;1;65.5;2.10
0000005736;TS1400-DUR1;20260309;0.2;1;67.0;3.07
0000005737;TS1400-DUR1;20260310;0.3;1;64.7;2.76
0000005738;TS1400-DUR1;20260311;0.3;2;63.6;2.14
0000005739;TS1400-DUR1;20260312;0.2;1;63.8;2.22
0000005740;TS1400-DUR1;20260313;0.4;1;57.9;2.41
0000005741;TS1400-DUR1;20260314;0.4;1;63.0;2.19
0000005742;TS1400-DUR1;20260315;0.3;2;63.7;2.47
0000005743;TS1400-DUR1;20260316;0.3;1;58.3;3.25
0000005744;TS1400-DUR1;20260317;0.3;1;57.0;2.57
0000005745;TS1400-DUR1;20260318;0.4;1;63.2;2.50
0000005746;TS1400-DUR1;20260319;0.3;2;62.7;2.75
0000005747;TS1400-DUR1;20260320;0.3;1;68.0;2.75
0000005748;TS1400-DUR1;20260321;0.3;2;58.4;1.96
0000005749;TS1400-DUR1;20260322;0.3;1;61.1;2.67
0000005750;TS1400-DUR1;20260323;0.2;1;65.4;3.12
0000005751;TS1400-DUR1;20260324;0.3;2;65.7;3.21
0000005752;TS1400-DUR1;20260325;0.3;1;65.2;1.99
0000005753;TS1400-DUR1;20260326;0.3;1;66.7;2.77
0000005754;TS1400-DUR1;20260327;0.3;1;58.5;3.04
0000005755;TS1400-DUR1;20260328;0.3;1;57.5;1.91
0000005756;TS1400-DUR1;20260329;0.3;1;58.1;2.08
0000005757;TS1400-DUR1;20260330;0.4;1;62.8;2.77
0000005758;TS1400-DUR1;20260331;0.2;1;63.0;2.82
0000005759;TS1400-DUR1;20260401;0.4;2;61.1;2.93
0000005760;TS1400-DUR1;20260402;0.2;1;57.2;2.64
0000005761;TS1400-DUR1;20260403;0.2;1;55.9;2.49
0000005762;TS1400-DUR1;20260404;0.2;1;59.3;2.08
0000005763;TS1400-DUR1;20260405;0.3;1;63.5;2.32
0000005764;TS1400-DUR1;20260406;0.3;2;59.2;2.51
0000005765;TS1400-DUR1;20260407;0.3;1;64.3;2.62
0000005766;TS1400-DUR1;20260408;0.3;1;61.4;2.74
0000005767;TS1400-DUR1;20260409;0.4;1;61.1;2.56
0000005768;TS1400-DUR1;20260410;0.4;1;57.7;2.53
0000005769;TS1400-DUR1;20260411;0.2;1;61.3;3.13
0000005770;TS1400-DUR1;20260412;0.2;1;65.8;2.98
0000005771;TS1400-DUR1;20260413;0.3;1;64.7;2.18
0000005772;TS1400-DUR1;20260414;0.3;1;60.4;2.65
0000005773;TS1400-DUR1;20260415;0.3;1;63.8;3.11
0000005774;TS1400-DUR1;20260416;0.3;1;57.2;2.70
0000005775;TS1400-DUR1;20260417;0.2;2;68.4;3.01
0000005776;TS1400-DUR1;20260418;0.2;2;61.6;1.96
0000005777;TS1400-DUR1;20260419;0.3;1;60.2;2.89
0000005778;TS1400-DUR1;20260420;0.4;1;62.9;2.45
0000005779;TS1400-DUR1;20260421;0.2;1;65.6;2.48
0000005780;TS1400-DUR1;20260422;0.2;1;64.4;3.29
0000005781;TS1400-DUR1;20260423;0.4;1;62.4;2.77
0000005782;TS1400-DUR1;20260424;0.3;1;64.3;2.64
0000005783;TS1400-DUR1;20260425;0.3;1;60.8;2.15
0000005784;TS1400-DUR1;20260426;0.4;1;64.4;2.71
0000005785;TS1400-DUR1;20260427;0.2;1;58.8;3.06
0000005786;TS1400-DUR1;20260428;0.3;2;60.5;2.56
0000005787;TS1400-DUR1;20260429;0.3;1;57.0;3.10
0000005788;TS1400-DUR1;20260430;0.2;1;60.1;2.63
0000005789;TS1400-DUR1;20260501;0.4;1;65.4;2.64
0000005790;TS1400-DUR1;20260502;0.3;1;57.9;2.70
0000005791;TS1400-DUR1;20260503;0.3;1;62.3;2.65
0000005792;TS1400-DUR1;20260504;0.3;1;63.5;2.59
0000005793;TS1400-DUR1;20260505;0.3;1;61.0;3.42
0000005794;TS1400-DUR1;20260506;0.4;1;59.8;2.52
0000005795;TS1400-DUR1;20260507;0.3;1;67.7;3.40
0000005796;TS1400-DUR1;20260508;0.2;1;59.7;2.50
0000005797;TS1400-DUR1;20260509;0.2;1;61.4;2.87
0000005798;TS1400-DUR1;20260510;0.4;1;65.5;2.23
0000005799;TS1400-DUR1;20260511;0.4;1;60.1;3.12
0000005800;TS1400-DUR1;20260512;0.2;1;63.4;2.92
0000005801;TS1400-DUR1;20260513;0.4;1;61.1;3.31
0000005802;TS1400-DUR1;20260514;0.3;2;59.6;2.64
0000005803;TS1400-DUR1;20260515;0.3;1;62.8;3.25
0000005804;TS1400-DUR1;20260516;0.3;2;65.8;2.35
0000005805;TS1400-DUR1;20260517;0.2;1;60.7;2.78
0000005806;TS1400-DUR1;20260518;0.3;1;62.1;2.53
0000005807;TS1400-DUR1;20260519;0.3;1;63.0;3.28
0000005808;TS1400-DUR1;20260520;0.3;1;63.7;2.92
0000005809;TS1400-DUR1;20260521;0.2;1;55.6;3.11
0000005810;TS1400-DUR1;20260522;0.2;1;59.7;2.67
0000005811;TS1400-DUR1;20260523;0.2;1;55.3;3.01
0000005812;TS1400-DUR1;20260524;0.3;1;55.6;2.29
0000005813;TS1400-DUR1;20260525;0.4;1;56.4;2.39
0000005814;TS1400-DUR1;20260526;0.3;1;64.4;3.28
0000005815;TS1400-DUR1;20260527;0.4;1;64.2;3.01
0000005816;TS1400-DUR1;20260528;0.3;2;57.4;2.71
0000005817;TS1400-DUR1;20260529;0.3;1;63.2;2.29
0000005818;TS1400-DUR1;20260530;0.2;1;58.6;2.70
0000005819;TS1400-DUR1;20260531;0.2;1;64.7;3.58
0000005820;TS1400-DUR1;20260601;0.3;1;61.4;3.45
0000005821;TS1400-DUR1;20260602;0.2;1;58.1;2.56
0000005822;TS1400-DUR1;20260603;0.2;1;67.3;2.32
0000005823;TS1400-DUR1;20260604;0.4;2;59.1;2.45
0000005824;TS1400-DUR1;20260605;0.3;1;59.4;2.30
0000005825;TS1400-DUR1;20260606;0.2;1;58.0;2.95
0000005826;TS1400-DUR1;20260607;0.3;1;61.2;2.84
0000005827;TS1400-DUR1;20260608;0.3;1;61.5;3.53
0000005828;TS1400-DUR1;20260609;0.3;1;61.6;3.09
0000005829;TS1400-DUR1;20260610;0.2;1;61.8;2.28
0000005830;TS1400-DUR1;20260611;0.3;1;55.8;2.65
0000005831;TS1400-DUR1;20260612;0.2;1;64.8;3.35
0000005832;TS1400-DUR1;20260613;0.2;1;59.2;2.24
0000005833;TS1400-DUR1;20260614;0.3;2;60.6;2.81
0000005834;TS1400-DUR1;20260615;0.3;1;63.9;3.01
0000005835;TS1400-DUR1;20260616;0.3;1;60.0;3.10
0000005836;TS1400-DUR1;20260617;0.2;1;55.7;2.82
0000005837;TS1400-DUR1;20260618;0.2;1;56.3;3.22
0000005838;TS1400-DUR1;20260619;0.2;2;57.6;2.28
0000005839;TS1400-DUR1;20260620;0.4;2;65.8;3.37
0000005840;TS1400-DUR1;20260621;0.2;1;57.1;2.55
0000005841;TS1400-DUR1;20260622;0.2;1;64.9;2.93
0000005842;TS1400-DUR1;20260623;0.3;1;61.3;2.42
0000005843;TS1400-DUR1;20260624;0.2;1;52.7;2.70
0000005844;TS1400-DUR1;20260625;0.3;2;61.0;3.25
0000005845;TS1400-DUR1;20260626;0.4;1;59.9;2.43
0000005846;TS1400-DUR1;20260627;0.2;1;64.8;2.49
0000005847;TS1400-DUR1;20260628;0.3;1;57.5;3.15
0000005848;TS1400-DUR1;20260629;0.3;1;58.3;2.96
0000005849;TS1400-DUR1;20260630;0.3;1;63.0;2.94
0000005850;TS1400-DUR1;20260701;0.2;2;62.1;3.71
0000005851;TS1400-DUR1;20260702;0.2;1;62.6;2.50
0000005852;TS1400-DUR1;20260703;0.2;1;64.2;2.81
0000005853;TS1400-DUR1;20260704;0.2;1;61.4;3.18
0000005854;TS1400-DUR1;20260705;0.3;2;58.9;2.29
0000005855;TS1400-DUR1;20260706;0.2;1;64.1;3.90
0000005856;TS1400-DUR1;20260707;0.3;1;60.0;2.44
0000005857;TS1400-DUR1;20260708;0.4;1;60.4;3.32
0000005858;TS1400-DUR1;20260709;0.2;1;59.7;3.00
0000005859;TS1400-DUR1;20260710;0.3;1;63.1;2.91
0000005860;TS1400-DUR1;20260711;0.3;1;64.9;3.44
0000005861;TS1400-DUR1;20260712;0.3;1;60.9;2.94
0000005862;TS1400-DUR1;20260713;0.2;1;60.9;3.20
0000005863;TS1400-DUR1;20260714;0.3;1;53.9;3.15
0000005864;TS1400-DUR1;20260715;0.2;1;61.2;2.81
0000005865;TS1400-DUR1;20260716;0.2;2;63.0;3.02
0000005866;TS1400-DUR1;20260717;0.3;1;61.4;2.58
0000005867;TS1400-DUR1;20260718;0.2;1;63.2;3.14
0000005868;TS1400-DUR1;20260719;0.3;1;56.8;3.12
0000005869;TS1400-DUR1;20260720;0.3;1;56.1;2.89
0000005870;TS1400-DUR1;20260721;0.2;1;55.2;3.07
0000005871;TS1400-DUR1;20260722;0.3;2;61.0;3.15
0000005872;TS1400-DUR1;20260723;0.3;1;58.2;3.69
0000005873;TS1400-DUR1;20260724;0.3;1;63.2;3.00
0000005874;TS1400-DUR1;20260725;0.2;2;56.4;2.29
0000005875;TS1400-DUR1;20260726;0.2;1;64.1;2.42
0000005876;TS1400-DUR1;20260727;0.2;1;62.2;2.50
0000005877;TS1400-DUR1;20260728;0.4;1;61.2;2.81
0000005878;TS1400-DUR1;20260729;0.3;1;56.0;2.42
0000005879;TS1400-DUR1;20260730;0.3;1;63.1;3.15
0000005880;TS1400-DUR1;20260731;0.2;1;56.8;2.94
0000005881;TS1400-DUR1;20260801;0.3;1;55.1;3.05
0000005882;TS1400-DUR1;20260802;0.3;1;64.4;2.14
0000005883;TS1400-DUR1;20260803;0.3;1;60.6;2.40